run_accession,sample_accession,sample_alias,sample_description,first_public,country,scientific_name,fastq_bytes,base_count,read_count,library_name,library_strategy,library_source,library_layout,instrument_platform,instrument_model,study_title,fastq_url,info
SRR18902888,SAMN27750651,GSM6062550,Y720 isotonic single-cell,2022-04-27,,Saccharomyces cerevisiae,94071604;92874441,597163250,2388653,GSM6062550,RNA-Seq,TRANSCRIPTOMIC SINGLE CELL,PAIRED,ILLUMINA,Illumina HiSeq 2000,Gene expression profile at single cell level yeast cells under stress,"['https://ftp.sra.ebi.ac.uk/vol1/fastq/SRR189/088/SRR18902888/SRR18902888_1.fastq.gz', 'https://ftp.sra.ebi.ac.uk/vol1/fastq/SRR189/088/SRR18902888/SRR18902888_2.fastq.gz']","94 MB, 93 MB files; 2.4 million reads; 597.2 million sequenced bases"
SRR18902889,SAMN27750652,GSM6062549,Y719 isotonic single-cell,2022-04-27,,Saccharomyces cerevisiae,115022080;115382531,722940250,2891761,GSM6062549,RNA-Seq,TRANSCRIPTOMIC SINGLE CELL,PAIRED,ILLUMINA,Illumina HiSeq 2000,Gene expression profile at single cell level yeast cells under stress,"['https://ftp.sra.ebi.ac.uk/vol1/fastq/SRR189/089/SRR18902889/SRR18902889_1.fastq.gz', 'https://ftp.sra.ebi.ac.uk/vol1/fastq/SRR189/089/SRR18902889/SRR18902889_2.fastq.gz']","115 MB, 115 MB files; 2.9 million reads; 722.9 million sequenced bases"
SRR18902890,SAMN27750652,GSM6062549,Y719 isotonic single-cell,2022-04-27,,Saccharomyces cerevisiae,82462401;81035582,529272250,2117089,GSM6062549,RNA-Seq,TRANSCRIPTOMIC SINGLE CELL,PAIRED,ILLUMINA,Illumina HiSeq 2000,Gene expression profile at single cell level yeast cells under stress,"['https://ftp.sra.ebi.ac.uk/vol1/fastq/SRR189/090/SRR18902890/SRR18902890_1.fastq.gz', 'https://ftp.sra.ebi.ac.uk/vol1/fastq/SRR189/090/SRR18902890/SRR18902890_2.fastq.gz']","82 MB, 81 MB files; 2.1 million reads; 529.3 million sequenced bases"
SRR18902891,SAMN27750653,GSM6062548,Y718 isotonic single-cell,2022-04-27,,Saccharomyces cerevisiae,146655516;140695917,856529750,3426119,GSM6062548,RNA-Seq,TRANSCRIPTOMIC SINGLE CELL,PAIRED,ILLUMINA,Illumina HiSeq 2000,Gene expression profile at single cell level yeast cells under stress,"['https://ftp.sra.ebi.ac.uk/vol1/fastq/SRR189/091/SRR18902891/SRR18902891_1.fastq.gz', 'https://ftp.sra.ebi.ac.uk/vol1/fastq/SRR189/091/SRR18902891/SRR18902891_2.fastq.gz']","147 MB, 141 MB files; 3.4 million reads; 856.5 million sequenced bases"
SRR18902892,SAMN27750654,GSM6062547,Y717 isotonic single-cell,2022-04-27,,Saccharomyces cerevisiae,103980535;103388187,626943500,2507774,GSM6062547,RNA-Seq,TRANSCRIPTOMIC SINGLE CELL,PAIRED,ILLUMINA,Illumina HiSeq 2000,Gene expression profile at single cell level yeast cells under stress,"['https://ftp.sra.ebi.ac.uk/vol1/fastq/SRR189/092/SRR18902892/SRR18902892_1.fastq.gz', 'https://ftp.sra.ebi.ac.uk/vol1/fastq/SRR189/092/SRR18902892/SRR18902892_2.fastq.gz']","104 MB, 103 MB files; 2.5 million reads; 626.9 million sequenced bases"
SRR18902894,SAMN27750655,GSM6062546,Y716 isotonic single-cell,2022-04-27,,Saccharomyces cerevisiae,154378428;152421499,903149750,3612599,GSM6062546,RNA-Seq,TRANSCRIPTOMIC SINGLE CELL,PAIRED,ILLUMINA,Illumina HiSeq 2000,Gene expression profile at single cell level yeast cells under stress,"['https://ftp.sra.ebi.ac.uk/vol1/fastq/SRR189/094/SRR18902894/SRR18902894_1.fastq.gz', 'https://ftp.sra.ebi.ac.uk/vol1/fastq/SRR189/094/SRR18902894/SRR18902894_2.fastq.gz']","154 MB, 152 MB files; 3.6 million reads; 903.1 million sequenced bases"
SRR18902897,SAMN27750656,GSM6062545,Y714 isotonic single-cell,2022-04-27,,Saccharomyces cerevisiae,142343784;142692611,950997000,3803988,GSM6062545,RNA-Seq,TRANSCRIPTOMIC SINGLE CELL,PAIRED,ILLUMINA,Illumina HiSeq 2000,Gene expression profile at single cell level yeast cells under stress,"['https://ftp.sra.ebi.ac.uk/vol1/fastq/SRR189/097/SRR18902897/SRR18902897_1.fastq.gz', 'https://ftp.sra.ebi.ac.uk/vol1/fastq/SRR189/097/SRR18902897/SRR18902897_2.fastq.gz']","142 MB, 143 MB files; 3.8 million reads; 951.0 million sequenced bases"
SRR18902901,SAMN27750659,GSM6062542,Y710 isotonic single-cell,2022-04-27,,Saccharomyces cerevisiae,82402179;81896139,520031000,2080124,GSM6062542,RNA-Seq,TRANSCRIPTOMIC SINGLE CELL,PAIRED,ILLUMINA,Illumina HiSeq 2000,Gene expression profile at single cell level yeast cells under stress,"['https://ftp.sra.ebi.ac.uk/vol1/fastq/SRR189/001/SRR18902901/SRR18902901_1.fastq.gz', 'https://ftp.sra.ebi.ac.uk/vol1/fastq/SRR189/001/SRR18902901/SRR18902901_2.fastq.gz']","82 MB, 82 MB files; 2.1 million reads; 520.0 million sequenced bases"
SRR18902902,SAMN27750660,GSM6062541,Y709 isotonic single-cell,2022-04-27,,Saccharomyces cerevisiae,87841699;89926333,667448250,2669793,GSM6062541,RNA-Seq,TRANSCRIPTOMIC SINGLE CELL,PAIRED,ILLUMINA,Illumina HiSeq 2000,Gene expression profile at single cell level yeast cells under stress,"['https://ftp.sra.ebi.ac.uk/vol1/fastq/SRR189/002/SRR18902902/SRR18902902_1.fastq.gz', 'https://ftp.sra.ebi.ac.uk/vol1/fastq/SRR189/002/SRR18902902/SRR18902902_2.fastq.gz']","88 MB, 90 MB files; 2.7 million reads; 667.4 million sequenced bases"
SRR18902905,SAMN27750661,GSM6062540,Y708 isotonic single-cell,2022-04-27,,Saccharomyces cerevisiae,105053542;104088788,656646500,2626586,GSM6062540,RNA-Seq,TRANSCRIPTOMIC SINGLE CELL,PAIRED,ILLUMINA,Illumina HiSeq 2000,Gene expression profile at single cell level yeast cells under stress,"['https://ftp.sra.ebi.ac.uk/vol1/fastq/SRR189/005/SRR18902905/SRR18902905_1.fastq.gz', 'https://ftp.sra.ebi.ac.uk/vol1/fastq/SRR189/005/SRR18902905/SRR18902905_2.fastq.gz']","105 MB, 104 MB files; 2.6 million reads; 656.6 million sequenced bases"
SRR18902912,SAMN27750665,GSM6062536,Y704 isotonic single-cell,2022-04-27,,Saccharomyces cerevisiae,150024745;148592876,913886250,3655545,GSM6062536,RNA-Seq,TRANSCRIPTOMIC SINGLE CELL,PAIRED,ILLUMINA,Illumina HiSeq 2000,Gene expression profile at single cell level yeast cells under stress,"['https://ftp.sra.ebi.ac.uk/vol1/fastq/SRR189/012/SRR18902912/SRR18902912_1.fastq.gz', 'https://ftp.sra.ebi.ac.uk/vol1/fastq/SRR189/012/SRR18902912/SRR18902912_2.fastq.gz']","150 MB, 149 MB files; 3.7 million reads; 913.9 million sequenced bases"
SRR18902916,SAMN27750667,GSM6062534,Y702 isotonic single-cell,2022-04-27,,Saccharomyces cerevisiae,92284118;89533630,584604000,2338416,GSM6062534,RNA-Seq,TRANSCRIPTOMIC SINGLE CELL,PAIRED,ILLUMINA,Illumina HiSeq 2000,Gene expression profile at single cell level yeast cells under stress,"['https://ftp.sra.ebi.ac.uk/vol1/fastq/SRR189/016/SRR18902916/SRR18902916_1.fastq.gz', 'https://ftp.sra.ebi.ac.uk/vol1/fastq/SRR189/016/SRR18902916/SRR18902916_2.fastq.gz']","92 MB, 90 MB files; 2.3 million reads; 584.6 million sequenced bases"
SRR18902918,SAMN27750668,GSM6062533,Y701 isotonic single-cell,2022-04-27,,Saccharomyces cerevisiae,98211956;97309383,568869750,2275479,GSM6062533,RNA-Seq,TRANSCRIPTOMIC SINGLE CELL,PAIRED,ILLUMINA,Illumina HiSeq 2000,Gene expression profile at single cell level yeast cells under stress,"['https://ftp.sra.ebi.ac.uk/vol1/fastq/SRR189/018/SRR18902918/SRR18902918_1.fastq.gz', 'https://ftp.sra.ebi.ac.uk/vol1/fastq/SRR189/018/SRR18902918/SRR18902918_2.fastq.gz']","98 MB, 97 MB files; 2.3 million reads; 568.9 million sequenced bases"
SRR18902926,SAMN27750673,GSM6062528,Y527 GS single-cell,2022-04-27,,Saccharomyces cerevisiae,150451869;156245587,742084250,2968337,GSM6062528,RNA-Seq,TRANSCRIPTOMIC SINGLE CELL,PAIRED,ILLUMINA,Illumina HiSeq 2000,Gene expression profile at single cell level yeast cells under stress,"['https://ftp.sra.ebi.ac.uk/vol1/fastq/SRR189/026/SRR18902926/SRR18902926_1.fastq.gz', 'https://ftp.sra.ebi.ac.uk/vol1/fastq/SRR189/026/SRR18902926/SRR18902926_2.fastq.gz']","150 MB, 156 MB files; 3.0 million reads; 742.1 million sequenced bases"
SRR18902927,SAMN27750673,GSM6062528,Y527 GS single-cell,2022-04-27,,Saccharomyces cerevisiae,112497172;116224165,532919750,2131679,GSM6062528,RNA-Seq,TRANSCRIPTOMIC SINGLE CELL,PAIRED,ILLUMINA,Illumina HiSeq 2000,Gene expression profile at single cell level yeast cells under stress,"['https://ftp.sra.ebi.ac.uk/vol1/fastq/SRR189/027/SRR18902927/SRR18902927_1.fastq.gz', 'https://ftp.sra.ebi.ac.uk/vol1/fastq/SRR189/027/SRR18902927/SRR18902927_2.fastq.gz']","112 MB, 116 MB files; 2.1 million reads; 532.9 million sequenced bases"
SRR18902928,SAMN27750674,GSM6062527,Y526 GS single-cell,2022-04-27,,Saccharomyces cerevisiae,252552547;259924179,1348981750,5395927,GSM6062527,RNA-Seq,TRANSCRIPTOMIC SINGLE CELL,PAIRED,ILLUMINA,Illumina HiSeq 2000,Gene expression profile at single cell level yeast cells under stress,"['https://ftp.sra.ebi.ac.uk/vol1/fastq/SRR189/028/SRR18902928/SRR18902928_1.fastq.gz', 'https://ftp.sra.ebi.ac.uk/vol1/fastq/SRR189/028/SRR18902928/SRR18902928_2.fastq.gz']","253 MB, 260 MB files; 5.4 million reads; 1349.0 million sequenced bases"
SRR18902929,SAMN27750674,GSM6062527,Y526 GS single-cell,2022-04-27,,Saccharomyces cerevisiae,191137632;194881645,1041768750,4167075,GSM6062527,RNA-Seq,TRANSCRIPTOMIC SINGLE CELL,PAIRED,ILLUMINA,Illumina HiSeq 2000,Gene expression profile at single cell level yeast cells under stress,"['https://ftp.sra.ebi.ac.uk/vol1/fastq/SRR189/029/SRR18902929/SRR18902929_1.fastq.gz', 'https://ftp.sra.ebi.ac.uk/vol1/fastq/SRR189/029/SRR18902929/SRR18902929_2.fastq.gz']","191 MB, 195 MB files; 4.2 million reads; 1041.8 million sequenced bases"
SRR18902932,SAMN27750676,GSM6062525,Y524 GS single-cell,2022-04-27,,Saccharomyces cerevisiae,248038138;249536487,1367090500,5468362,GSM6062525,RNA-Seq,TRANSCRIPTOMIC SINGLE CELL,PAIRED,ILLUMINA,Illumina HiSeq 2000,Gene expression profile at single cell level yeast cells under stress,"['https://ftp.sra.ebi.ac.uk/vol1/fastq/SRR189/032/SRR18902932/SRR18902932_1.fastq.gz', 'https://ftp.sra.ebi.ac.uk/vol1/fastq/SRR189/032/SRR18902932/SRR18902932_2.fastq.gz']","248 MB, 250 MB files; 5.5 million reads; 1367.1 million sequenced bases"
SRR18902933,SAMN27750676,GSM6062525,Y524 GS single-cell,2022-04-27,,Saccharomyces cerevisiae,180734295;178992257,1016676250,4066705,GSM6062525,RNA-Seq,TRANSCRIPTOMIC SINGLE CELL,PAIRED,ILLUMINA,Illumina HiSeq 2000,Gene expression profile at single cell level yeast cells under stress,"['https://ftp.sra.ebi.ac.uk/vol1/fastq/SRR189/033/SRR18902933/SRR18902933_1.fastq.gz', 'https://ftp.sra.ebi.ac.uk/vol1/fastq/SRR189/033/SRR18902933/SRR18902933_2.fastq.gz']","181 MB, 179 MB files; 4.1 million reads; 1016.7 million sequenced bases"
SRR18902947,SAMN27750684,GSM6062517,Y513 GS single-cell,2022-04-27,,Saccharomyces cerevisiae,143562675;143680084,816087000,3264348,GSM6062517,RNA-Seq,TRANSCRIPTOMIC SINGLE CELL,PAIRED,ILLUMINA,Illumina HiSeq 2000,Gene expression profile at single cell level yeast cells under stress,"['https://ftp.sra.ebi.ac.uk/vol1/fastq/SRR189/047/SRR18902947/SRR18902947_1.fastq.gz', 'https://ftp.sra.ebi.ac.uk/vol1/fastq/SRR189/047/SRR18902947/SRR18902947_2.fastq.gz']","144 MB, 144 MB files; 3.3 million reads; 816.1 million sequenced bases"
SRR18902949,SAMN27750686,GSM6062515,Y511 GS single-cell,2022-04-27,,Saccharomyces cerevisiae,174792031;173665496,880369250,3521477,GSM6062515,RNA-Seq,TRANSCRIPTOMIC SINGLE CELL,PAIRED,ILLUMINA,Illumina HiSeq 2000,Gene expression profile at single cell level yeast cells under stress,"['https://ftp.sra.ebi.ac.uk/vol1/fastq/SRR189/049/SRR18902949/SRR18902949_1.fastq.gz', 'https://ftp.sra.ebi.ac.uk/vol1/fastq/SRR189/049/SRR18902949/SRR18902949_2.fastq.gz']","175 MB, 174 MB files; 3.5 million reads; 880.4 million sequenced bases"
SRR18902958,SAMN27750691,GSM6062510,Y506 GS single-cell,2022-04-27,,Saccharomyces cerevisiae,163645470;159608179,988331750,3953327,GSM6062510,RNA-Seq,TRANSCRIPTOMIC SINGLE CELL,PAIRED,ILLUMINA,Illumina HiSeq 2000,Gene expression profile at single cell level yeast cells under stress,"['https://ftp.sra.ebi.ac.uk/vol1/fastq/SRR189/058/SRR18902958/SRR18902958_1.fastq.gz', 'https://ftp.sra.ebi.ac.uk/vol1/fastq/SRR189/058/SRR18902958/SRR18902958_2.fastq.gz']","164 MB, 160 MB files; 4.0 million reads; 988.3 million sequenced bases"
SRR18902959,SAMN27750692,GSM6062509,Y505 GS single-cell,2022-04-27,,Saccharomyces cerevisiae,229522623;229981514,1381978500,5527914,GSM6062509,RNA-Seq,TRANSCRIPTOMIC SINGLE CELL,PAIRED,ILLUMINA,Illumina HiSeq 2000,Gene expression profile at single cell level yeast cells under stress,"['https://ftp.sra.ebi.ac.uk/vol1/fastq/SRR189/059/SRR18902959/SRR18902959_1.fastq.gz', 'https://ftp.sra.ebi.ac.uk/vol1/fastq/SRR189/059/SRR18902959/SRR18902959_2.fastq.gz']","230 MB, 230 MB files; 5.5 million reads; 1382.0 million sequenced bases"
SRR18902960,SAMN27750692,GSM6062509,Y505 GS single-cell,2022-04-27,,Saccharomyces cerevisiae,166037610;161663407,1020072750,4080291,GSM6062509,RNA-Seq,TRANSCRIPTOMIC SINGLE CELL,PAIRED,ILLUMINA,Illumina HiSeq 2000,Gene expression profile at single cell level yeast cells under stress,"['https://ftp.sra.ebi.ac.uk/vol1/fastq/SRR189/060/SRR18902960/SRR18902960_1.fastq.gz', 'https://ftp.sra.ebi.ac.uk/vol1/fastq/SRR189/060/SRR18902960/SRR18902960_2.fastq.gz']","166 MB, 162 MB files; 4.1 million reads; 1020.1 million sequenced bases"
SRR18902963,SAMN27750694,GSM6062507,Y503 GS single-cell,2022-04-27,,Saccharomyces cerevisiae,198263555;202843293,1134403500,4537614,GSM6062507,RNA-Seq,TRANSCRIPTOMIC SINGLE CELL,PAIRED,ILLUMINA,Illumina HiSeq 2000,Gene expression profile at single cell level yeast cells under stress,"['https://ftp.sra.ebi.ac.uk/vol1/fastq/SRR189/063/SRR18902963/SRR18902963_1.fastq.gz', 'https://ftp.sra.ebi.ac.uk/vol1/fastq/SRR189/063/SRR18902963/SRR18902963_2.fastq.gz']","198 MB, 203 MB files; 4.5 million reads; 1134.4 million sequenced bases"
SRR18902975,SAMN27750700,GSM6062501,Y218 GS single-cell,2022-04-27,,Saccharomyces cerevisiae,142859876;142422025,525704800,2628524,GSM6062501,RNA-Seq,TRANSCRIPTOMIC SINGLE CELL,PAIRED,ILLUMINA,Illumina HiSeq 2500,Gene expression profile at single cell level yeast cells under stress,"['https://ftp.sra.ebi.ac.uk/vol1/fastq/SRR189/075/SRR18902975/SRR18902975_1.fastq.gz', 'https://ftp.sra.ebi.ac.uk/vol1/fastq/SRR189/075/SRR18902975/SRR18902975_2.fastq.gz']","143 MB, 142 MB files; 2.6 million reads; 525.7 million sequenced bases"
SRR18902981,SAMN27750703,GSM6062498,Y215 GS single-cell,2022-04-27,,Saccharomyces cerevisiae,84107476;84055402,309274400,1546372,GSM6062498,RNA-Seq,TRANSCRIPTOMIC SINGLE CELL,PAIRED,ILLUMINA,Illumina HiSeq 2500,Gene expression profile at single cell level yeast cells under stress,"['https://ftp.sra.ebi.ac.uk/vol1/fastq/SRR189/081/SRR18902981/SRR18902981_1.fastq.gz', 'https://ftp.sra.ebi.ac.uk/vol1/fastq/SRR189/081/SRR18902981/SRR18902981_2.fastq.gz']","84 MB, 84 MB files; 1.5 million reads; 309.3 million sequenced bases"
SRR18902982,SAMN27750704,GSM6062497,Y214 GS single-cell,2022-04-27,,Saccharomyces cerevisiae,164903775;166225107,605563800,3027819,GSM6062497,RNA-Seq,TRANSCRIPTOMIC SINGLE CELL,PAIRED,ILLUMINA,Illumina HiSeq 2500,Gene expression profile at single cell level yeast cells under stress,"['https://ftp.sra.ebi.ac.uk/vol1/fastq/SRR189/082/SRR18902982/SRR18902982_1.fastq.gz', 'https://ftp.sra.ebi.ac.uk/vol1/fastq/SRR189/082/SRR18902982/SRR18902982_2.fastq.gz']","165 MB, 166 MB files; 3.0 million reads; 605.6 million sequenced bases"
SRR18902989,SAMN27750707,GSM6062494,Y211 GS single-cell,2022-04-27,,Saccharomyces cerevisiae,311003730;312639839,1124179400,5620897,GSM6062494,RNA-Seq,TRANSCRIPTOMIC SINGLE CELL,PAIRED,ILLUMINA,Illumina HiSeq 2500,Gene expression profile at single cell level yeast cells under stress,"['https://ftp.sra.ebi.ac.uk/vol1/fastq/SRR189/089/SRR18902989/SRR18902989_1.fastq.gz', 'https://ftp.sra.ebi.ac.uk/vol1/fastq/SRR189/089/SRR18902989/SRR18902989_2.fastq.gz']","311 MB, 313 MB files; 5.6 million reads; 1124.2 million sequenced bases"
SRR18902992,SAMN27750709,GSM6062492,Y209 GS single-cell,2022-04-27,,Saccharomyces cerevisiae,44297575;45014516,158348800,791744,GSM6062492,RNA-Seq,TRANSCRIPTOMIC SINGLE CELL,PAIRED,ILLUMINA,Illumina HiSeq 2500,Gene expression profile at single cell level yeast cells under stress,"['https://ftp.sra.ebi.ac.uk/vol1/fastq/SRR189/092/SRR18902992/SRR18902992_1.fastq.gz', 'https://ftp.sra.ebi.ac.uk/vol1/fastq/SRR189/092/SRR18902992/SRR18902992_2.fastq.gz']","44 MB, 45 MB files; 0.8 million reads; 158.3 million sequenced bases"
SRR18902997,SAMN27750711,GSM6062490,Y207 GS single-cell,2022-04-27,,Saccharomyces cerevisiae,25482227;26021414,90220400,451102,GSM6062490,RNA-Seq,TRANSCRIPTOMIC SINGLE CELL,PAIRED,ILLUMINA,Illumina HiSeq 2500,Gene expression profile at single cell level yeast cells under stress,"['https://ftp.sra.ebi.ac.uk/vol1/fastq/SRR189/097/SRR18902997/SRR18902997_1.fastq.gz', 'https://ftp.sra.ebi.ac.uk/vol1/fastq/SRR189/097/SRR18902997/SRR18902997_2.fastq.gz']","25 MB, 26 MB files; 0.5 million reads; 90.2 million sequenced bases"
SRR18902999,SAMN27750712,GSM6062489,Y206 GS single-cell,2022-04-27,,Saccharomyces cerevisiae,101019815;102453199,356290200,1781451,GSM6062489,RNA-Seq,TRANSCRIPTOMIC SINGLE CELL,PAIRED,ILLUMINA,Illumina HiSeq 2500,Gene expression profile at single cell level yeast cells under stress,"['https://ftp.sra.ebi.ac.uk/vol1/fastq/SRR189/099/SRR18902999/SRR18902999_1.fastq.gz', 'https://ftp.sra.ebi.ac.uk/vol1/fastq/SRR189/099/SRR18902999/SRR18902999_2.fastq.gz']","101 MB, 102 MB files; 1.8 million reads; 356.3 million sequenced bases"
SRR18903005,SAMN27750715,GSM6062486,Y203 GS single-cell,2022-04-27,,Saccharomyces cerevisiae,28234634;28665525,99482600,497413,GSM6062486,RNA-Seq,TRANSCRIPTOMIC SINGLE CELL,PAIRED,ILLUMINA,Illumina HiSeq 2500,Gene expression profile at single cell level yeast cells under stress,"['https://ftp.sra.ebi.ac.uk/vol1/fastq/SRR189/005/SRR18903005/SRR18903005_1.fastq.gz', 'https://ftp.sra.ebi.ac.uk/vol1/fastq/SRR189/005/SRR18903005/SRR18903005_2.fastq.gz']","28 MB, 29 MB files; 0.5 million reads; 99.5 million sequenced bases"
SRR18903010,SAMN27750719,GSM6062482,G55 isotonic single-cell,2022-04-27,,Saccharomyces cerevisiae,449056289;455908040,1715298400,8576492,GSM6062482,RNA-Seq,TRANSCRIPTOMIC SINGLE CELL,PAIRED,ILLUMINA,Illumina HiSeq 2500,Gene expression profile at single cell level yeast cells under stress,"['https://ftp.sra.ebi.ac.uk/vol1/fastq/SRR189/010/SRR18903010/SRR18903010_1.fastq.gz', 'https://ftp.sra.ebi.ac.uk/vol1/fastq/SRR189/010/SRR18903010/SRR18903010_2.fastq.gz']","449 MB, 456 MB files; 8.6 million reads; 1715.3 million sequenced bases"
SRR18903012,SAMN27750721,GSM6062480,G50 isotonic single-cell,2022-04-27,,Saccharomyces cerevisiae,445445642;456641868,1674467200,8372336,GSM6062480,RNA-Seq,TRANSCRIPTOMIC SINGLE CELL,PAIRED,ILLUMINA,Illumina HiSeq 2500,Gene expression profile at single cell level yeast cells under stress,"['https://ftp.sra.ebi.ac.uk/vol1/fastq/SRR189/012/SRR18903012/SRR18903012_1.fastq.gz', 'https://ftp.sra.ebi.ac.uk/vol1/fastq/SRR189/012/SRR18903012/SRR18903012_2.fastq.gz']","445 MB, 457 MB files; 8.4 million reads; 1674.5 million sequenced bases"
SRR18903014,SAMN27750723,GSM6062478,F9X hypotonic single-cell,2022-04-27,,Saccharomyces cerevisiae,317775140;326344876,1231802200,6159011,GSM6062478,RNA-Seq,TRANSCRIPTOMIC SINGLE CELL,PAIRED,ILLUMINA,Illumina HiSeq 2500,Gene expression profile at single cell level yeast cells under stress,"['https://ftp.sra.ebi.ac.uk/vol1/fastq/SRR189/014/SRR18903014/SRR18903014_1.fastq.gz', 'https://ftp.sra.ebi.ac.uk/vol1/fastq/SRR189/014/SRR18903014/SRR18903014_2.fastq.gz']","318 MB, 326 MB files; 6.2 million reads; 1231.8 million sequenced bases"
SRR18903018,SAMN27750727,GSM6062474,F30X hypotonic single-cell,2022-04-27,,Saccharomyces cerevisiae,573969431;580987742,2258588400,11292942,GSM6062474,RNA-Seq,TRANSCRIPTOMIC SINGLE CELL,PAIRED,ILLUMINA,Illumina HiSeq 2500,Gene expression profile at single cell level yeast cells under stress,"['https://ftp.sra.ebi.ac.uk/vol1/fastq/SRR189/018/SRR18903018/SRR18903018_1.fastq.gz', 'https://ftp.sra.ebi.ac.uk/vol1/fastq/SRR189/018/SRR18903018/SRR18903018_2.fastq.gz']","574 MB, 581 MB files; 11.3 million reads; 2258.6 million sequenced bases"
SRR18903019,SAMN27750728,GSM6062473,F24X hypotonic single-cell,2022-04-27,,Saccharomyces cerevisiae,553780793;578952961,2027540800,10137704,GSM6062473,RNA-Seq,TRANSCRIPTOMIC SINGLE CELL,PAIRED,ILLUMINA,Illumina HiSeq 2500,Gene expression profile at single cell level yeast cells under stress,"['https://ftp.sra.ebi.ac.uk/vol1/fastq/SRR189/019/SRR18903019/SRR18903019_1.fastq.gz', 'https://ftp.sra.ebi.ac.uk/vol1/fastq/SRR189/019/SRR18903019/SRR18903019_2.fastq.gz']","554 MB, 579 MB files; 10.1 million reads; 2027.5 million sequenced bases"
SRR18903021,SAMN27750730,GSM6062471,F22X hypotonic single-cell,2022-04-27,,Saccharomyces cerevisiae,414037562;419399330,1537717800,7688589,GSM6062471,RNA-Seq,TRANSCRIPTOMIC SINGLE CELL,PAIRED,ILLUMINA,Illumina HiSeq 2500,Gene expression profile at single cell level yeast cells under stress,"['https://ftp.sra.ebi.ac.uk/vol1/fastq/SRR189/021/SRR18903021/SRR18903021_1.fastq.gz', 'https://ftp.sra.ebi.ac.uk/vol1/fastq/SRR189/021/SRR18903021/SRR18903021_2.fastq.gz']","414 MB, 419 MB files; 7.7 million reads; 1537.7 million sequenced bases"
SRR18903027,SAMN27750738,GSM6062463,D94X AAS single-cell,2022-04-27,,Saccharomyces cerevisiae,500875623;523689565,1854328600,9271643,GSM6062463,RNA-Seq,TRANSCRIPTOMIC SINGLE CELL,PAIRED,ILLUMINA,Illumina HiSeq 2500,Gene expression profile at single cell level yeast cells under stress,"['https://ftp.sra.ebi.ac.uk/vol1/fastq/SRR189/027/SRR18903027/SRR18903027_1.fastq.gz', 'https://ftp.sra.ebi.ac.uk/vol1/fastq/SRR189/027/SRR18903027/SRR18903027_2.fastq.gz']","501 MB, 524 MB files; 9.3 million reads; 1854.3 million sequenced bases"
SRR18903028,SAMN27750736,GSM6062465,D96X AAS single-cell,2022-04-27,,Saccharomyces cerevisiae,512990976;512662533,1894127800,9470639,GSM6062465,RNA-Seq,TRANSCRIPTOMIC SINGLE CELL,PAIRED,ILLUMINA,Illumina HiSeq 2500,Gene expression profile at single cell level yeast cells under stress,"['https://ftp.sra.ebi.ac.uk/vol1/fastq/SRR189/028/SRR18903028/SRR18903028_1.fastq.gz', 'https://ftp.sra.ebi.ac.uk/vol1/fastq/SRR189/028/SRR18903028/SRR18903028_2.fastq.gz']","513 MB, 513 MB files; 9.5 million reads; 1894.1 million sequenced bases"
SRR18903031,SAMN27750741,GSM6062460,D9 AAS single-cell,2022-04-27,,Saccharomyces cerevisiae,823377529;814836126,2019267800,10096339,GSM6062460,RNA-Seq,TRANSCRIPTOMIC SINGLE CELL,PAIRED,ILLUMINA,Illumina HiSeq 2500,Gene expression profile at single cell level yeast cells under stress,"['https://ftp.sra.ebi.ac.uk/vol1/fastq/SRR189/031/SRR18903031/SRR18903031_1.fastq.gz', 'https://ftp.sra.ebi.ac.uk/vol1/fastq/SRR189/031/SRR18903031/SRR18903031_2.fastq.gz']","823 MB, 815 MB files; 10.1 million reads; 2019.3 million sequenced bases"
SRR18903033,SAMN27750743,GSM6062458,D30 AAS single-cell,2022-04-27,,Saccharomyces cerevisiae,951457267;937493665,2379970600,11899853,GSM6062458,RNA-Seq,TRANSCRIPTOMIC SINGLE CELL,PAIRED,ILLUMINA,Illumina HiSeq 2500,Gene expression profile at single cell level yeast cells under stress,"['https://ftp.sra.ebi.ac.uk/vol1/fastq/SRR189/033/SRR18903033/SRR18903033_1.fastq.gz', 'https://ftp.sra.ebi.ac.uk/vol1/fastq/SRR189/033/SRR18903033/SRR18903033_2.fastq.gz']","951 MB, 937 MB files; 11.9 million reads; 2380.0 million sequenced bases"
SRR18903035,SAMN27750745,GSM6062456,D29 AAS single-cell,2022-04-27,,Saccharomyces cerevisiae,544087909;546718395,1343893600,6719468,GSM6062456,RNA-Seq,TRANSCRIPTOMIC SINGLE CELL,PAIRED,ILLUMINA,Illumina HiSeq 2500,Gene expression profile at single cell level yeast cells under stress,"['https://ftp.sra.ebi.ac.uk/vol1/fastq/SRR189/035/SRR18903035/SRR18903035_1.fastq.gz', 'https://ftp.sra.ebi.ac.uk/vol1/fastq/SRR189/035/SRR18903035/SRR18903035_2.fastq.gz']","544 MB, 547 MB files; 6.7 million reads; 1343.9 million sequenced bases"
SRR18903036,SAMN27750748,GSM6062453,D26X AAS single-cell,2022-04-27,,Saccharomyces cerevisiae,365361338;374078556,1474985400,7374927,GSM6062453,RNA-Seq,TRANSCRIPTOMIC SINGLE CELL,PAIRED,ILLUMINA,Illumina HiSeq 2500,Gene expression profile at single cell level yeast cells under stress,"['https://ftp.sra.ebi.ac.uk/vol1/fastq/SRR189/036/SRR18903036/SRR18903036_1.fastq.gz', 'https://ftp.sra.ebi.ac.uk/vol1/fastq/SRR189/036/SRR18903036/SRR18903036_2.fastq.gz']","365 MB, 374 MB files; 7.4 million reads; 1475.0 million sequenced bases"
SRR18903037,SAMN27750749,GSM6062452,D24 AAS single-cell,2022-04-27,,Saccharomyces cerevisiae,597284399;586779630,1492675600,7463378,GSM6062452,RNA-Seq,TRANSCRIPTOMIC SINGLE CELL,PAIRED,ILLUMINA,Illumina HiSeq 2500,Gene expression profile at single cell level yeast cells under stress,"['https://ftp.sra.ebi.ac.uk/vol1/fastq/SRR189/037/SRR18903037/SRR18903037_1.fastq.gz', 'https://ftp.sra.ebi.ac.uk/vol1/fastq/SRR189/037/SRR18903037/SRR18903037_2.fastq.gz']","597 MB, 587 MB files; 7.5 million reads; 1492.7 million sequenced bases"
SRR18903038,SAMN27750750,GSM6062451,D23 AAS single-cell,2022-04-27,,Saccharomyces cerevisiae,562671111;557568609,1382096200,6910481,GSM6062451,RNA-Seq,TRANSCRIPTOMIC SINGLE CELL,PAIRED,ILLUMINA,Illumina HiSeq 2500,Gene expression profile at single cell level yeast cells under stress,"['https://ftp.sra.ebi.ac.uk/vol1/fastq/SRR189/038/SRR18903038/SRR18903038_1.fastq.gz', 'https://ftp.sra.ebi.ac.uk/vol1/fastq/SRR189/038/SRR18903038/SRR18903038_2.fastq.gz']","563 MB, 558 MB files; 6.9 million reads; 1382.1 million sequenced bases"
SRR18903041,SAMN27750746,GSM6062455,D28 AAS single-cell,2022-04-27,,Saccharomyces cerevisiae,501140343;505933828,1249092200,6245461,GSM6062455,RNA-Seq,TRANSCRIPTOMIC SINGLE CELL,PAIRED,ILLUMINA,Illumina HiSeq 2500,Gene expression profile at single cell level yeast cells under stress,"['https://ftp.sra.ebi.ac.uk/vol1/fastq/SRR189/041/SRR18903041/SRR18903041_1.fastq.gz', 'https://ftp.sra.ebi.ac.uk/vol1/fastq/SRR189/041/SRR18903041/SRR18903041_2.fastq.gz']","501 MB, 506 MB files; 6.2 million reads; 1249.1 million sequenced bases"
SRR18903042,SAMN27750752,GSM6062449,D20 AAS single-cell,2022-04-27,,Saccharomyces cerevisiae,380131464;374616865,961575600,4807878,GSM6062449,RNA-Seq,TRANSCRIPTOMIC SINGLE CELL,PAIRED,ILLUMINA,Illumina HiSeq 2500,Gene expression profile at single cell level yeast cells under stress,"['https://ftp.sra.ebi.ac.uk/vol1/fastq/SRR189/042/SRR18903042/SRR18903042_1.fastq.gz', 'https://ftp.sra.ebi.ac.uk/vol1/fastq/SRR189/042/SRR18903042/SRR18903042_2.fastq.gz']","380 MB, 375 MB files; 4.8 million reads; 961.6 million sequenced bases"
SRR18903047,SAMN27750756,GSM6062445,C80X hypotonic single-cell,2022-04-27,,Saccharomyces cerevisiae,403182626;423936743,1747593200,8737966,GSM6062445,RNA-Seq,TRANSCRIPTOMIC SINGLE CELL,PAIRED,ILLUMINA,Illumina HiSeq 2500,Gene expression profile at single cell level yeast cells under stress,"['https://ftp.sra.ebi.ac.uk/vol1/fastq/SRR189/047/SRR18903047/SRR18903047_1.fastq.gz', 'https://ftp.sra.ebi.ac.uk/vol1/fastq/SRR189/047/SRR18903047/SRR18903047_2.fastq.gz']","403 MB, 424 MB files; 8.7 million reads; 1747.6 million sequenced bases"
SRR18903049,SAMN27750758,GSM6062443,A47 isotonic single-cell,2022-04-27,,Saccharomyces cerevisiae,1367519330,1880792200,18807922,GSM6062443,RNA-Seq,TRANSCRIPTOMIC SINGLE CELL,SINGLE,ILLUMINA,Illumina HiSeq 2500,Gene expression profile at single cell level yeast cells under stress,['https://ftp.sra.ebi.ac.uk/vol1/fastq/SRR189/049/SRR18903049/SRR18903049.fastq.gz'],1 GB files; 18.8 million reads; 1880.8 million sequenced bases
SRR18903058,SAMN27750767,GSM6062434,A23 isotonic single-cell,2022-04-27,,Saccharomyces cerevisiae,2107174008,2694945300,26949453,GSM6062434,RNA-Seq,TRANSCRIPTOMIC SINGLE CELL,SINGLE,ILLUMINA,Illumina HiSeq 2500,Gene expression profile at single cell level yeast cells under stress,['https://ftp.sra.ebi.ac.uk/vol1/fastq/SRR189/058/SRR18903058/SRR18903058.fastq.gz'],2 GB files; 26.9 million reads; 2694.9 million sequenced bases
SRR18902893,SAMN27750654,GSM6062547,Y717 isotonic single-cell,2022-04-27,,Saccharomyces cerevisiae,79936280;77851141,491725250,1966901,GSM6062547,RNA-Seq,TRANSCRIPTOMIC SINGLE CELL,PAIRED,ILLUMINA,Illumina HiSeq 2000,Gene expression profile at single cell level yeast cells under stress,"['https://ftp.sra.ebi.ac.uk/vol1/fastq/SRR189/093/SRR18902893/SRR18902893_1.fastq.gz', 'https://ftp.sra.ebi.ac.uk/vol1/fastq/SRR189/093/SRR18902893/SRR18902893_2.fastq.gz']","80 MB, 78 MB files; 2.0 million reads; 491.7 million sequenced bases"
SRR18902895,SAMN27750655,GSM6062546,Y716 isotonic single-cell,2022-04-27,,Saccharomyces cerevisiae,114959846;111405639,685276750,2741107,GSM6062546,RNA-Seq,TRANSCRIPTOMIC SINGLE CELL,PAIRED,ILLUMINA,Illumina HiSeq 2000,Gene expression profile at single cell level yeast cells under stress,"['https://ftp.sra.ebi.ac.uk/vol1/fastq/SRR189/095/SRR18902895/SRR18902895_1.fastq.gz', 'https://ftp.sra.ebi.ac.uk/vol1/fastq/SRR189/095/SRR18902895/SRR18902895_2.fastq.gz']","115 MB, 111 MB files; 2.7 million reads; 685.3 million sequenced bases"
SRR18902896,SAMN27750656,GSM6062545,Y714 isotonic single-cell,2022-04-27,,Saccharomyces cerevisiae,206838085;210399773,1346664750,5386659,GSM6062545,RNA-Seq,TRANSCRIPTOMIC SINGLE CELL,PAIRED,ILLUMINA,Illumina HiSeq 2000,Gene expression profile at single cell level yeast cells under stress,"['https://ftp.sra.ebi.ac.uk/vol1/fastq/SRR189/096/SRR18902896/SRR18902896_1.fastq.gz', 'https://ftp.sra.ebi.ac.uk/vol1/fastq/SRR189/096/SRR18902896/SRR18902896_2.fastq.gz']","207 MB, 210 MB files; 5.4 million reads; 1346.7 million sequenced bases"
SRR18902898,SAMN27750657,GSM6062544,Y713 isotonic single-cell,2022-04-27,,Saccharomyces cerevisiae,109661096;110290581,704019000,2816076,GSM6062544,RNA-Seq,TRANSCRIPTOMIC SINGLE CELL,PAIRED,ILLUMINA,Illumina HiSeq 2000,Gene expression profile at single cell level yeast cells under stress,"['https://ftp.sra.ebi.ac.uk/vol1/fastq/SRR189/098/SRR18902898/SRR18902898_1.fastq.gz', 'https://ftp.sra.ebi.ac.uk/vol1/fastq/SRR189/098/SRR18902898/SRR18902898_2.fastq.gz']","110 MB, 110 MB files; 2.8 million reads; 704.0 million sequenced bases"
SRR18902904,SAMN27750661,GSM6062540,Y708 isotonic single-cell,2022-04-27,,Saccharomyces cerevisiae,169986327;174733921,1050833750,4203335,GSM6062540,RNA-Seq,TRANSCRIPTOMIC SINGLE CELL,PAIRED,ILLUMINA,Illumina HiSeq 2000,Gene expression profile at single cell level yeast cells under stress,"['https://ftp.sra.ebi.ac.uk/vol1/fastq/SRR189/004/SRR18902904/SRR18902904_1.fastq.gz', 'https://ftp.sra.ebi.ac.uk/vol1/fastq/SRR189/004/SRR18902904/SRR18902904_2.fastq.gz']","170 MB, 175 MB files; 4.2 million reads; 1050.8 million sequenced bases"
SRR18902908,SAMN27750663,GSM6062538,Y706 isotonic single-cell,2022-04-27,,Saccharomyces cerevisiae,152299194;152815980,894133000,3576532,GSM6062538,RNA-Seq,TRANSCRIPTOMIC SINGLE CELL,PAIRED,ILLUMINA,Illumina HiSeq 2000,Gene expression profile at single cell level yeast cells under stress,"['https://ftp.sra.ebi.ac.uk/vol1/fastq/SRR189/008/SRR18902908/SRR18902908_1.fastq.gz', 'https://ftp.sra.ebi.ac.uk/vol1/fastq/SRR189/008/SRR18902908/SRR18902908_2.fastq.gz']","152 MB, 153 MB files; 3.6 million reads; 894.1 million sequenced bases"
SRR18902910,SAMN27750664,GSM6062537,Y705 isotonic single-cell,2022-04-27,,Saccharomyces cerevisiae,141209700;141061139,905430750,3621723,GSM6062537,RNA-Seq,TRANSCRIPTOMIC SINGLE CELL,PAIRED,ILLUMINA,Illumina HiSeq 2000,Gene expression profile at single cell level yeast cells under stress,"['https://ftp.sra.ebi.ac.uk/vol1/fastq/SRR189/010/SRR18902910/SRR18902910_1.fastq.gz', 'https://ftp.sra.ebi.ac.uk/vol1/fastq/SRR189/010/SRR18902910/SRR18902910_2.fastq.gz']","141 MB, 141 MB files; 3.6 million reads; 905.4 million sequenced bases"
SRR18902911,SAMN27750664,GSM6062537,Y705 isotonic single-cell,2022-04-27,,Saccharomyces cerevisiae,77159217;73715665,496141250,1984565,GSM6062537,RNA-Seq,TRANSCRIPTOMIC SINGLE CELL,PAIRED,ILLUMINA,Illumina HiSeq 2000,Gene expression profile at single cell level yeast cells under stress,"['https://ftp.sra.ebi.ac.uk/vol1/fastq/SRR189/011/SRR18902911/SRR18902911_1.fastq.gz', 'https://ftp.sra.ebi.ac.uk/vol1/fastq/SRR189/011/SRR18902911/SRR18902911_2.fastq.gz']","77 MB, 74 MB files; 2.0 million reads; 496.1 million sequenced bases"
SRR18902914,SAMN27750666,GSM6062535,Y703 isotonic single-cell,2022-04-27,,Saccharomyces cerevisiae,162837140;161670765,988979250,3955917,GSM6062535,RNA-Seq,TRANSCRIPTOMIC SINGLE CELL,PAIRED,ILLUMINA,Illumina HiSeq 2000,Gene expression profile at single cell level yeast cells under stress,"['https://ftp.sra.ebi.ac.uk/vol1/fastq/SRR189/014/SRR18902914/SRR18902914_1.fastq.gz', 'https://ftp.sra.ebi.ac.uk/vol1/fastq/SRR189/014/SRR18902914/SRR18902914_2.fastq.gz']","163 MB, 162 MB files; 4.0 million reads; 989.0 million sequenced bases"
SRR18902921,SAMN27750670,GSM6062531,Y532 GS single-cell,2022-04-27,,Saccharomyces cerevisiae,178228852;172827308,981150000,3924600,GSM6062531,RNA-Seq,TRANSCRIPTOMIC SINGLE CELL,PAIRED,ILLUMINA,Illumina HiSeq 2000,Gene expression profile at single cell level yeast cells under stress,"['https://ftp.sra.ebi.ac.uk/vol1/fastq/SRR189/021/SRR18902921/SRR18902921_1.fastq.gz', 'https://ftp.sra.ebi.ac.uk/vol1/fastq/SRR189/021/SRR18902921/SRR18902921_2.fastq.gz']","178 MB, 173 MB files; 3.9 million reads; 981.1 million sequenced bases"
SRR18902922,SAMN27750671,GSM6062530,Y531 GS single-cell,2022-04-27,,Saccharomyces cerevisiae,253110328;260659710,1593526500,6374106,GSM6062530,RNA-Seq,TRANSCRIPTOMIC SINGLE CELL,PAIRED,ILLUMINA,Illumina HiSeq 2000,Gene expression profile at single cell level yeast cells under stress,"['https://ftp.sra.ebi.ac.uk/vol1/fastq/SRR189/022/SRR18902922/SRR18902922_1.fastq.gz', 'https://ftp.sra.ebi.ac.uk/vol1/fastq/SRR189/022/SRR18902922/SRR18902922_2.fastq.gz']","253 MB, 261 MB files; 6.4 million reads; 1593.5 million sequenced bases"
SRR18902925,SAMN27750672,GSM6062529,Y530 GS single-cell,2022-04-27,,Saccharomyces cerevisiae,150517736;149650153,806941500,3227766,GSM6062529,RNA-Seq,TRANSCRIPTOMIC SINGLE CELL,PAIRED,ILLUMINA,Illumina HiSeq 2000,Gene expression profile at single cell level yeast cells under stress,"['https://ftp.sra.ebi.ac.uk/vol1/fastq/SRR189/025/SRR18902925/SRR18902925_1.fastq.gz', 'https://ftp.sra.ebi.ac.uk/vol1/fastq/SRR189/025/SRR18902925/SRR18902925_2.fastq.gz']","151 MB, 150 MB files; 3.2 million reads; 806.9 million sequenced bases"
SRR18902930,SAMN27750675,GSM6062526,Y525 GS single-cell,2022-04-27,,Saccharomyces cerevisiae,239610343;247637632,1237462250,4949849,GSM6062526,RNA-Seq,TRANSCRIPTOMIC SINGLE CELL,PAIRED,ILLUMINA,Illumina HiSeq 2000,Gene expression profile at single cell level yeast cells under stress,"['https://ftp.sra.ebi.ac.uk/vol1/fastq/SRR189/030/SRR18902930/SRR18902930_1.fastq.gz', 'https://ftp.sra.ebi.ac.uk/vol1/fastq/SRR189/030/SRR18902930/SRR18902930_2.fastq.gz']","240 MB, 248 MB files; 4.9 million reads; 1237.5 million sequenced bases"
SRR18902935,SAMN27750677,GSM6062524,Y522 GS single-cell,2022-04-27,,Saccharomyces cerevisiae,135386281;134553932,827109250,3308437,GSM6062524,RNA-Seq,TRANSCRIPTOMIC SINGLE CELL,PAIRED,ILLUMINA,Illumina HiSeq 2000,Gene expression profile at single cell level yeast cells under stress,"['https://ftp.sra.ebi.ac.uk/vol1/fastq/SRR189/035/SRR18902935/SRR18902935_1.fastq.gz', 'https://ftp.sra.ebi.ac.uk/vol1/fastq/SRR189/035/SRR18902935/SRR18902935_2.fastq.gz']","135 MB, 135 MB files; 3.3 million reads; 827.1 million sequenced bases"
SRR18902938,SAMN27750679,GSM6062522,Y518 GS single-cell,2022-04-27,,Saccharomyces cerevisiae,203367541;199182822,1000017750,4000071,GSM6062522,RNA-Seq,TRANSCRIPTOMIC SINGLE CELL,PAIRED,ILLUMINA,Illumina HiSeq 2000,Gene expression profile at single cell level yeast cells under stress,"['https://ftp.sra.ebi.ac.uk/vol1/fastq/SRR189/038/SRR18902938/SRR18902938_1.fastq.gz', 'https://ftp.sra.ebi.ac.uk/vol1/fastq/SRR189/038/SRR18902938/SRR18902938_2.fastq.gz']","203 MB, 199 MB files; 4.0 million reads; 1000.0 million sequenced bases"
SRR18902939,SAMN27750680,GSM6062521,Y517 GS single-cell,2022-04-27,,Saccharomyces cerevisiae,251908148;247416781,1364284500,5457138,GSM6062521,RNA-Seq,TRANSCRIPTOMIC SINGLE CELL,PAIRED,ILLUMINA,Illumina HiSeq 2000,Gene expression profile at single cell level yeast cells under stress,"['https://ftp.sra.ebi.ac.uk/vol1/fastq/SRR189/039/SRR18902939/SRR18902939_1.fastq.gz', 'https://ftp.sra.ebi.ac.uk/vol1/fastq/SRR189/039/SRR18902939/SRR18902939_2.fastq.gz']","252 MB, 247 MB files; 5.5 million reads; 1364.3 million sequenced bases"
SRR18902943,SAMN27750682,GSM6062519,Y515 GS single-cell,2022-04-27,,Saccharomyces cerevisiae,129969287;128499302,658369750,2633479,GSM6062519,RNA-Seq,TRANSCRIPTOMIC SINGLE CELL,PAIRED,ILLUMINA,Illumina HiSeq 2000,Gene expression profile at single cell level yeast cells under stress,"['https://ftp.sra.ebi.ac.uk/vol1/fastq/SRR189/043/SRR18902943/SRR18902943_1.fastq.gz', 'https://ftp.sra.ebi.ac.uk/vol1/fastq/SRR189/043/SRR18902943/SRR18902943_2.fastq.gz']","130 MB, 128 MB files; 2.6 million reads; 658.4 million sequenced bases"
SRR18902945,SAMN27750683,GSM6062518,Y514 GS single-cell,2022-04-27,,Saccharomyces cerevisiae,152218201;149690591,823845250,3295381,GSM6062518,RNA-Seq,TRANSCRIPTOMIC SINGLE CELL,PAIRED,ILLUMINA,Illumina HiSeq 2000,Gene expression profile at single cell level yeast cells under stress,"['https://ftp.sra.ebi.ac.uk/vol1/fastq/SRR189/045/SRR18902945/SRR18902945_1.fastq.gz', 'https://ftp.sra.ebi.ac.uk/vol1/fastq/SRR189/045/SRR18902945/SRR18902945_2.fastq.gz']","152 MB, 150 MB files; 3.3 million reads; 823.8 million sequenced bases"
SRR18902948,SAMN27750687,GSM6062514,Y510 GS single-cell,2022-04-27,,Saccharomyces cerevisiae,191898822;187594455,961709250,3846837,GSM6062514,RNA-Seq,TRANSCRIPTOMIC SINGLE CELL,PAIRED,ILLUMINA,Illumina HiSeq 2000,Gene expression profile at single cell level yeast cells under stress,"['https://ftp.sra.ebi.ac.uk/vol1/fastq/SRR189/048/SRR18902948/SRR18902948_1.fastq.gz', 'https://ftp.sra.ebi.ac.uk/vol1/fastq/SRR189/048/SRR18902948/SRR18902948_2.fastq.gz']","192 MB, 188 MB files; 3.8 million reads; 961.7 million sequenced bases"
SRR18902950,SAMN27750685,GSM6062516,Y512 GS single-cell,2022-04-27,,Saccharomyces cerevisiae,151042969;150485298,829723000,3318892,GSM6062516,RNA-Seq,TRANSCRIPTOMIC SINGLE CELL,PAIRED,ILLUMINA,Illumina HiSeq 2000,Gene expression profile at single cell level yeast cells under stress,"['https://ftp.sra.ebi.ac.uk/vol1/fastq/SRR189/050/SRR18902950/SRR18902950_1.fastq.gz', 'https://ftp.sra.ebi.ac.uk/vol1/fastq/SRR189/050/SRR18902950/SRR18902950_2.fastq.gz']","151 MB, 150 MB files; 3.3 million reads; 829.7 million sequenced bases"
SRR18902952,SAMN27750688,GSM6062513,Y509 GS single-cell,2022-04-27,,Saccharomyces cerevisiae,180184530;184413014,928620250,3714481,GSM6062513,RNA-Seq,TRANSCRIPTOMIC SINGLE CELL,PAIRED,ILLUMINA,Illumina HiSeq 2000,Gene expression profile at single cell level yeast cells under stress,"['https://ftp.sra.ebi.ac.uk/vol1/fastq/SRR189/052/SRR18902952/SRR18902952_1.fastq.gz', 'https://ftp.sra.ebi.ac.uk/vol1/fastq/SRR189/052/SRR18902952/SRR18902952_2.fastq.gz']","180 MB, 184 MB files; 3.7 million reads; 928.6 million sequenced bases"
SRR18902954,SAMN27750689,GSM6062512,Y508 GS single-cell,2022-04-27,,Saccharomyces cerevisiae,246924478;246487422,1271497750,5085991,GSM6062512,RNA-Seq,TRANSCRIPTOMIC SINGLE CELL,PAIRED,ILLUMINA,Illumina HiSeq 2000,Gene expression profile at single cell level yeast cells under stress,"['https://ftp.sra.ebi.ac.uk/vol1/fastq/SRR189/054/SRR18902954/SRR18902954_1.fastq.gz', 'https://ftp.sra.ebi.ac.uk/vol1/fastq/SRR189/054/SRR18902954/SRR18902954_2.fastq.gz']","247 MB, 246 MB files; 5.1 million reads; 1271.5 million sequenced bases"
SRR18902962,SAMN27750693,GSM6062508,Y504 GS single-cell,2022-04-27,,Saccharomyces cerevisiae,145385295;138826062,829924000,3319696,GSM6062508,RNA-Seq,TRANSCRIPTOMIC SINGLE CELL,PAIRED,ILLUMINA,Illumina HiSeq 2000,Gene expression profile at single cell level yeast cells under stress,"['https://ftp.sra.ebi.ac.uk/vol1/fastq/SRR189/062/SRR18902962/SRR18902962_1.fastq.gz', 'https://ftp.sra.ebi.ac.uk/vol1/fastq/SRR189/062/SRR18902962/SRR18902962_2.fastq.gz']","145 MB, 139 MB files; 3.3 million reads; 829.9 million sequenced bases"
SRR18902964,SAMN27750694,GSM6062507,Y503 GS single-cell,2022-04-27,,Saccharomyces cerevisiae,131767896;131854252,766904000,3067616,GSM6062507,RNA-Seq,TRANSCRIPTOMIC SINGLE CELL,PAIRED,ILLUMINA,Illumina HiSeq 2000,Gene expression profile at single cell level yeast cells under stress,"['https://ftp.sra.ebi.ac.uk/vol1/fastq/SRR189/064/SRR18902964/SRR18902964_1.fastq.gz', 'https://ftp.sra.ebi.ac.uk/vol1/fastq/SRR189/064/SRR18902964/SRR18902964_2.fastq.gz']","132 MB, 132 MB files; 3.1 million reads; 766.9 million sequenced bases"
SRR18902965,SAMN27750695,GSM6062506,Y502 GS single-cell,2022-04-27,,Saccharomyces cerevisiae,197894617;193714145,1045699750,4182799,GSM6062506,RNA-Seq,TRANSCRIPTOMIC SINGLE CELL,PAIRED,ILLUMINA,Illumina HiSeq 2000,Gene expression profile at single cell level yeast cells under stress,"['https://ftp.sra.ebi.ac.uk/vol1/fastq/SRR189/065/SRR18902965/SRR18902965_1.fastq.gz', 'https://ftp.sra.ebi.ac.uk/vol1/fastq/SRR189/065/SRR18902965/SRR18902965_2.fastq.gz']","198 MB, 194 MB files; 4.2 million reads; 1045.7 million sequenced bases"
SRR18902966,SAMN27750696,GSM6062505,Y501 GS single-cell,2022-04-27,,Saccharomyces cerevisiae,193967151;199469196,1023366750,4093467,GSM6062505,RNA-Seq,TRANSCRIPTOMIC SINGLE CELL,PAIRED,ILLUMINA,Illumina HiSeq 2000,Gene expression profile at single cell level yeast cells under stress,"['https://ftp.sra.ebi.ac.uk/vol1/fastq/SRR189/066/SRR18902966/SRR18902966_1.fastq.gz', 'https://ftp.sra.ebi.ac.uk/vol1/fastq/SRR189/066/SRR18902966/SRR18902966_2.fastq.gz']","194 MB, 199 MB files; 4.1 million reads; 1023.4 million sequenced bases"
SRR18902967,SAMN27750696,GSM6062505,Y501 GS single-cell,2022-04-27,,Saccharomyces cerevisiae,138580559;140053845,748471250,2993885,GSM6062505,RNA-Seq,TRANSCRIPTOMIC SINGLE CELL,PAIRED,ILLUMINA,Illumina HiSeq 2000,Gene expression profile at single cell level yeast cells under stress,"['https://ftp.sra.ebi.ac.uk/vol1/fastq/SRR189/067/SRR18902967/SRR18902967_1.fastq.gz', 'https://ftp.sra.ebi.ac.uk/vol1/fastq/SRR189/067/SRR18902967/SRR18902967_2.fastq.gz']","139 MB, 140 MB files; 3.0 million reads; 748.5 million sequenced bases"
SRR18902969,SAMN27750697,GSM6062504,Y221 GS single-cell,2022-04-27,,Saccharomyces cerevisiae,162638981;166991361,602498400,3012492,GSM6062504,RNA-Seq,TRANSCRIPTOMIC SINGLE CELL,PAIRED,ILLUMINA,Illumina HiSeq 2500,Gene expression profile at single cell level yeast cells under stress,"['https://ftp.sra.ebi.ac.uk/vol1/fastq/SRR189/069/SRR18902969/SRR18902969_1.fastq.gz', 'https://ftp.sra.ebi.ac.uk/vol1/fastq/SRR189/069/SRR18902969/SRR18902969_2.fastq.gz']","163 MB, 167 MB files; 3.0 million reads; 602.5 million sequenced bases"
SRR18902972,SAMN27750699,GSM6062502,Y219 GS single-cell,2022-04-27,,Saccharomyces cerevisiae,91331473;91963062,332837200,1664186,GSM6062502,RNA-Seq,TRANSCRIPTOMIC SINGLE CELL,PAIRED,ILLUMINA,Illumina HiSeq 2500,Gene expression profile at single cell level yeast cells under stress,"['https://ftp.sra.ebi.ac.uk/vol1/fastq/SRR189/072/SRR18902972/SRR18902972_1.fastq.gz', 'https://ftp.sra.ebi.ac.uk/vol1/fastq/SRR189/072/SRR18902972/SRR18902972_2.fastq.gz']","91 MB, 92 MB files; 1.7 million reads; 332.8 million sequenced bases"
SRR18902978,SAMN27750702,GSM6062499,Y216 GS single-cell,2022-04-27,,Saccharomyces cerevisiae,156019374;157917761,560324000,2801620,GSM6062499,RNA-Seq,TRANSCRIPTOMIC SINGLE CELL,PAIRED,ILLUMINA,Illumina HiSeq 2500,Gene expression profile at single cell level yeast cells under stress,"['https://ftp.sra.ebi.ac.uk/vol1/fastq/SRR189/078/SRR18902978/SRR18902978_1.fastq.gz', 'https://ftp.sra.ebi.ac.uk/vol1/fastq/SRR189/078/SRR18902978/SRR18902978_2.fastq.gz']","156 MB, 158 MB files; 2.8 million reads; 560.3 million sequenced bases"
SRR18902980,SAMN27750703,GSM6062498,Y215 GS single-cell,2022-04-27,,Saccharomyces cerevisiae,82664114;82900632,305014600,1525073,GSM6062498,RNA-Seq,TRANSCRIPTOMIC SINGLE CELL,PAIRED,ILLUMINA,Illumina HiSeq 2500,Gene expression profile at single cell level yeast cells under stress,"['https://ftp.sra.ebi.ac.uk/vol1/fastq/SRR189/080/SRR18902980/SRR18902980_1.fastq.gz', 'https://ftp.sra.ebi.ac.uk/vol1/fastq/SRR189/080/SRR18902980/SRR18902980_2.fastq.gz']","83 MB, 83 MB files; 1.5 million reads; 305.0 million sequenced bases"
SRR18902984,SAMN27750705,GSM6062496,Y213 GS single-cell,2022-04-27,,Saccharomyces cerevisiae,104986496;106020446,392314600,1961573,GSM6062496,RNA-Seq,TRANSCRIPTOMIC SINGLE CELL,PAIRED,ILLUMINA,Illumina HiSeq 2500,Gene expression profile at single cell level yeast cells under stress,"['https://ftp.sra.ebi.ac.uk/vol1/fastq/SRR189/084/SRR18902984/SRR18902984_1.fastq.gz', 'https://ftp.sra.ebi.ac.uk/vol1/fastq/SRR189/084/SRR18902984/SRR18902984_2.fastq.gz']","105 MB, 106 MB files; 2.0 million reads; 392.3 million sequenced bases"
SRR18902987,SAMN27750706,GSM6062495,Y212 GS single-cell,2022-04-27,,Saccharomyces cerevisiae,97020539;97073689,364957000,1824785,GSM6062495,RNA-Seq,TRANSCRIPTOMIC SINGLE CELL,PAIRED,ILLUMINA,Illumina HiSeq 2500,Gene expression profile at single cell level yeast cells under stress,"['https://ftp.sra.ebi.ac.uk/vol1/fastq/SRR189/087/SRR18902987/SRR18902987_1.fastq.gz', 'https://ftp.sra.ebi.ac.uk/vol1/fastq/SRR189/087/SRR18902987/SRR18902987_2.fastq.gz']","97 MB, 97 MB files; 1.8 million reads; 365.0 million sequenced bases"
SRR18902990,SAMN27750708,GSM6062493,Y210 GS single-cell,2022-04-27,,Saccharomyces cerevisiae,252519450;256379717,916729600,4583648,GSM6062493,RNA-Seq,TRANSCRIPTOMIC SINGLE CELL,PAIRED,ILLUMINA,Illumina HiSeq 2500,Gene expression profile at single cell level yeast cells under stress,"['https://ftp.sra.ebi.ac.uk/vol1/fastq/SRR189/090/SRR18902990/SRR18902990_1.fastq.gz', 'https://ftp.sra.ebi.ac.uk/vol1/fastq/SRR189/090/SRR18902990/SRR18902990_2.fastq.gz']","253 MB, 256 MB files; 4.6 million reads; 916.7 million sequenced bases"
SRR18902991,SAMN27750708,GSM6062493,Y210 GS single-cell,2022-04-27,,Saccharomyces cerevisiae,254451777;257426164,919491800,4597459,GSM6062493,RNA-Seq,TRANSCRIPTOMIC SINGLE CELL,PAIRED,ILLUMINA,Illumina HiSeq 2500,Gene expression profile at single cell level yeast cells under stress,"['https://ftp.sra.ebi.ac.uk/vol1/fastq/SRR189/091/SRR18902991/SRR18902991_1.fastq.gz', 'https://ftp.sra.ebi.ac.uk/vol1/fastq/SRR189/091/SRR18902991/SRR18902991_2.fastq.gz']","254 MB, 257 MB files; 4.6 million reads; 919.5 million sequenced bases"
SRR18902993,SAMN27750709,GSM6062492,Y209 GS single-cell,2022-04-27,,Saccharomyces cerevisiae,45000319;45573760,160203400,801017,GSM6062492,RNA-Seq,TRANSCRIPTOMIC SINGLE CELL,PAIRED,ILLUMINA,Illumina HiSeq 2500,Gene expression profile at single cell level yeast cells under stress,"['https://ftp.sra.ebi.ac.uk/vol1/fastq/SRR189/093/SRR18902993/SRR18902993_1.fastq.gz', 'https://ftp.sra.ebi.ac.uk/vol1/fastq/SRR189/093/SRR18902993/SRR18902993_2.fastq.gz']","45 MB, 46 MB files; 0.8 million reads; 160.2 million sequenced bases"
SRR18902995,SAMN27750710,GSM6062491,Y208 GS single-cell,2022-04-27,,Saccharomyces cerevisiae,17597920;17672003,65785600,328928,GSM6062491,RNA-Seq,TRANSCRIPTOMIC SINGLE CELL,PAIRED,ILLUMINA,Illumina HiSeq 2500,Gene expression profile at single cell level yeast cells under stress,"['https://ftp.sra.ebi.ac.uk/vol1/fastq/SRR189/095/SRR18902995/SRR18902995_1.fastq.gz', 'https://ftp.sra.ebi.ac.uk/vol1/fastq/SRR189/095/SRR18902995/SRR18902995_2.fastq.gz']","18 MB, 18 MB files; 0.3 million reads; 65.8 million sequenced bases"
SRR18903000,SAMN27750713,GSM6062488,Y205 GS single-cell,2022-04-27,,Saccharomyces cerevisiae,17538996;17806676,62410000,312050,GSM6062488,RNA-Seq,TRANSCRIPTOMIC SINGLE CELL,PAIRED,ILLUMINA,Illumina HiSeq 2500,Gene expression profile at single cell level yeast cells under stress,"['https://ftp.sra.ebi.ac.uk/vol1/fastq/SRR189/000/SRR18903000/SRR18903000_1.fastq.gz', 'https://ftp.sra.ebi.ac.uk/vol1/fastq/SRR189/000/SRR18903000/SRR18903000_2.fastq.gz']","18 MB, 18 MB files; 0.3 million reads; 62.4 million sequenced bases"
SRR18903002,SAMN27750714,GSM6062487,Y204 GS single-cell,2022-04-27,,Saccharomyces cerevisiae,13253379;13568365,49323600,246618,GSM6062487,RNA-Seq,TRANSCRIPTOMIC SINGLE CELL,PAIRED,ILLUMINA,Illumina HiSeq 2500,Gene expression profile at single cell level yeast cells under stress,"['https://ftp.sra.ebi.ac.uk/vol1/fastq/SRR189/002/SRR18903002/SRR18903002_1.fastq.gz', 'https://ftp.sra.ebi.ac.uk/vol1/fastq/SRR189/002/SRR18903002/SRR18903002_2.fastq.gz']","13 MB, 14 MB files; 0.2 million reads; 49.3 million sequenced bases"
SRR18903004,SAMN27750715,GSM6062486,Y203 GS single-cell,2022-04-27,,Saccharomyces cerevisiae,27870223;28411015,98595000,492975,GSM6062486,RNA-Seq,TRANSCRIPTOMIC SINGLE CELL,PAIRED,ILLUMINA,Illumina HiSeq 2500,Gene expression profile at single cell level yeast cells under stress,"['https://ftp.sra.ebi.ac.uk/vol1/fastq/SRR189/004/SRR18903004/SRR18903004_1.fastq.gz', 'https://ftp.sra.ebi.ac.uk/vol1/fastq/SRR189/004/SRR18903004/SRR18903004_2.fastq.gz']","28 MB, 28 MB files; 0.5 million reads; 98.6 million sequenced bases"
SRR18903007,SAMN27750716,GSM6062485,Y201 GS single-cell,2022-04-27,,Saccharomyces cerevisiae,102537688;104770343,355263400,1776317,GSM6062485,RNA-Seq,TRANSCRIPTOMIC SINGLE CELL,PAIRED,ILLUMINA,Illumina HiSeq 2500,Gene expression profile at single cell level yeast cells under stress,"['https://ftp.sra.ebi.ac.uk/vol1/fastq/SRR189/007/SRR18903007/SRR18903007_1.fastq.gz', 'https://ftp.sra.ebi.ac.uk/vol1/fastq/SRR189/007/SRR18903007/SRR18903007_2.fastq.gz']","103 MB, 105 MB files; 1.8 million reads; 355.3 million sequenced bases"
SRR18903015,SAMN27750724,GSM6062477,F55X hypotonic single-cell,2022-04-27,,Saccharomyces cerevisiae,500646560;513075466,2256711000,11283555,GSM6062477,RNA-Seq,TRANSCRIPTOMIC SINGLE CELL,PAIRED,ILLUMINA,Illumina HiSeq 2500,Gene expression profile at single cell level yeast cells under stress,"['https://ftp.sra.ebi.ac.uk/vol1/fastq/SRR189/015/SRR18903015/SRR18903015_1.fastq.gz', 'https://ftp.sra.ebi.ac.uk/vol1/fastq/SRR189/015/SRR18903015/SRR18903015_2.fastq.gz']","501 MB, 513 MB files; 11.3 million reads; 2256.7 million sequenced bases"
SRR18903016,SAMN27750725,GSM6062476,F40X hypotonic single-cell,2022-04-27,,Saccharomyces cerevisiae,543534057;556532075,2128572600,10642863,GSM6062476,RNA-Seq,TRANSCRIPTOMIC SINGLE CELL,PAIRED,ILLUMINA,Illumina HiSeq 2500,Gene expression profile at single cell level yeast cells under stress,"['https://ftp.sra.ebi.ac.uk/vol1/fastq/SRR189/016/SRR18903016/SRR18903016_1.fastq.gz', 'https://ftp.sra.ebi.ac.uk/vol1/fastq/SRR189/016/SRR18903016/SRR18903016_2.fastq.gz']","544 MB, 557 MB files; 10.6 million reads; 2128.6 million sequenced bases"
SRR18903017,SAMN27750726,GSM6062475,F3X hypotonic single-cell,2022-04-27,,Saccharomyces cerevisiae,501179100;489360344,1853339800,9266699,GSM6062475,RNA-Seq,TRANSCRIPTOMIC SINGLE CELL,PAIRED,ILLUMINA,Illumina HiSeq 2500,Gene expression profile at single cell level yeast cells under stress,"['https://ftp.sra.ebi.ac.uk/vol1/fastq/SRR189/017/SRR18903017/SRR18903017_1.fastq.gz', 'https://ftp.sra.ebi.ac.uk/vol1/fastq/SRR189/017/SRR18903017/SRR18903017_2.fastq.gz']","501 MB, 489 MB files; 9.3 million reads; 1853.3 million sequenced bases"
SRR18903020,SAMN27750729,GSM6062472,F23X hypotonic single-cell,2022-04-27,,Saccharomyces cerevisiae,450392781;456242809,1743451200,8717256,GSM6062472,RNA-Seq,TRANSCRIPTOMIC SINGLE CELL,PAIRED,ILLUMINA,Illumina HiSeq 2500,Gene expression profile at single cell level yeast cells under stress,"['https://ftp.sra.ebi.ac.uk/vol1/fastq/SRR189/020/SRR18903020/SRR18903020_1.fastq.gz', 'https://ftp.sra.ebi.ac.uk/vol1/fastq/SRR189/020/SRR18903020/SRR18903020_2.fastq.gz']","450 MB, 456 MB files; 8.7 million reads; 1743.5 million sequenced bases"
SRR18903022,SAMN27750731,GSM6062470,F21X hypotonic single-cell,2022-04-27,,Saccharomyces cerevisiae,410968624;420077339,1518876000,7594380,GSM6062470,RNA-Seq,TRANSCRIPTOMIC SINGLE CELL,PAIRED,ILLUMINA,Illumina HiSeq 2500,Gene expression profile at single cell level yeast cells under stress,"['https://ftp.sra.ebi.ac.uk/vol1/fastq/SRR189/022/SRR18903022/SRR18903022_1.fastq.gz', 'https://ftp.sra.ebi.ac.uk/vol1/fastq/SRR189/022/SRR18903022/SRR18903022_2.fastq.gz']","411 MB, 420 MB files; 7.6 million reads; 1518.9 million sequenced bases"
SRR18903023,SAMN27750732,GSM6062469,F20X hypotonic single-cell,2022-04-27,,Saccharomyces cerevisiae,506499755;527602317,1887481000,9437405,GSM6062469,RNA-Seq,TRANSCRIPTOMIC SINGLE CELL,PAIRED,ILLUMINA,Illumina HiSeq 2500,Gene expression profile at single cell level yeast cells under stress,"['https://ftp.sra.ebi.ac.uk/vol1/fastq/SRR189/023/SRR18903023/SRR18903023_1.fastq.gz', 'https://ftp.sra.ebi.ac.uk/vol1/fastq/SRR189/023/SRR18903023/SRR18903023_2.fastq.gz']","506 MB, 528 MB files; 9.4 million reads; 1887.5 million sequenced bases"
SRR18903024,SAMN27750733,GSM6062468,E11X isotonic single-cell,2022-04-27,,Saccharomyces cerevisiae,390101196;392344319,1618745400,8093727,GSM6062468,RNA-Seq,TRANSCRIPTOMIC SINGLE CELL,PAIRED,ILLUMINA,Illumina HiSeq 2500,Gene expression profile at single cell level yeast cells under stress,"['https://ftp.sra.ebi.ac.uk/vol1/fastq/SRR189/024/SRR18903024/SRR18903024_1.fastq.gz', 'https://ftp.sra.ebi.ac.uk/vol1/fastq/SRR189/024/SRR18903024/SRR18903024_2.fastq.gz']","390 MB, 392 MB files; 8.1 million reads; 1618.7 million sequenced bases"
SRR18903025,SAMN27750734,GSM6062467,E10X isotonic single-cell,2022-04-27,,Saccharomyces cerevisiae,404080702;391542420,1481692000,7408460,GSM6062467,RNA-Seq,TRANSCRIPTOMIC SINGLE CELL,PAIRED,ILLUMINA,Illumina HiSeq 2500,Gene expression profile at single cell level yeast cells under stress,"['https://ftp.sra.ebi.ac.uk/vol1/fastq/SRR189/025/SRR18903025/SRR18903025_1.fastq.gz', 'https://ftp.sra.ebi.ac.uk/vol1/fastq/SRR189/025/SRR18903025/SRR18903025_2.fastq.gz']","404 MB, 392 MB files; 7.4 million reads; 1481.7 million sequenced bases"
SRR18903026,SAMN27750735,GSM6062466,D97X AAS single-cell,2022-04-27,,Saccharomyces cerevisiae,447019076;442871501,1651237800,8256189,GSM6062466,RNA-Seq,TRANSCRIPTOMIC SINGLE CELL,PAIRED,ILLUMINA,Illumina HiSeq 2500,Gene expression profile at single cell level yeast cells under stress,"['https://ftp.sra.ebi.ac.uk/vol1/fastq/SRR189/026/SRR18903026/SRR18903026_1.fastq.gz', 'https://ftp.sra.ebi.ac.uk/vol1/fastq/SRR189/026/SRR18903026/SRR18903026_2.fastq.gz']","447 MB, 443 MB files; 8.3 million reads; 1651.2 million sequenced bases"
SRR18903030,SAMN27750740,GSM6062461,D91X AAS single-cell,2022-04-27,,Saccharomyces cerevisiae,526284966;537096322,1977520000,9887600,GSM6062461,RNA-Seq,TRANSCRIPTOMIC SINGLE CELL,PAIRED,ILLUMINA,Illumina HiSeq 2500,Gene expression profile at single cell level yeast cells under stress,"['https://ftp.sra.ebi.ac.uk/vol1/fastq/SRR189/030/SRR18903030/SRR18903030_1.fastq.gz', 'https://ftp.sra.ebi.ac.uk/vol1/fastq/SRR189/030/SRR18903030/SRR18903030_2.fastq.gz']","526 MB, 537 MB files; 9.9 million reads; 1977.5 million sequenced bases"
SRR18903039,SAMN27750737,GSM6062464,D95X AAS single-cell,2022-04-27,,Saccharomyces cerevisiae,534272716;545828510,1981544000,9907720,GSM6062464,RNA-Seq,TRANSCRIPTOMIC SINGLE CELL,PAIRED,ILLUMINA,Illumina HiSeq 2500,Gene expression profile at single cell level yeast cells under stress,"['https://ftp.sra.ebi.ac.uk/vol1/fastq/SRR189/039/SRR18903039/SRR18903039_1.fastq.gz', 'https://ftp.sra.ebi.ac.uk/vol1/fastq/SRR189/039/SRR18903039/SRR18903039_2.fastq.gz']","534 MB, 546 MB files; 9.9 million reads; 1981.5 million sequenced bases"
SRR18903043,SAMN27750747,GSM6062454,D27 AAS single-cell,2022-04-27,,Saccharomyces cerevisiae,667237613;669636813,1666636800,8333184,GSM6062454,RNA-Seq,TRANSCRIPTOMIC SINGLE CELL,PAIRED,ILLUMINA,Illumina HiSeq 2500,Gene expression profile at single cell level yeast cells under stress,"['https://ftp.sra.ebi.ac.uk/vol1/fastq/SRR189/043/SRR18903043/SRR18903043_1.fastq.gz', 'https://ftp.sra.ebi.ac.uk/vol1/fastq/SRR189/043/SRR18903043/SRR18903043_2.fastq.gz']","667 MB, 670 MB files; 8.3 million reads; 1666.6 million sequenced bases"
SRR18903044,SAMN27750753,GSM6062448,D19 AAS single-cell,2022-04-27,,Saccharomyces cerevisiae,415028159;408698963,1077208600,5386043,GSM6062448,RNA-Seq,TRANSCRIPTOMIC SINGLE CELL,PAIRED,ILLUMINA,Illumina HiSeq 2500,Gene expression profile at single cell level yeast cells under stress,"['https://ftp.sra.ebi.ac.uk/vol1/fastq/SRR189/044/SRR18903044/SRR18903044_1.fastq.gz', 'https://ftp.sra.ebi.ac.uk/vol1/fastq/SRR189/044/SRR18903044/SRR18903044_2.fastq.gz']","415 MB, 409 MB files; 5.4 million reads; 1077.2 million sequenced bases"
SRR18903045,SAMN27750754,GSM6062447,D1 AAS single-cell,2022-04-27,,Saccharomyces cerevisiae,595789406;585396334,1481032800,7405164,GSM6062447,RNA-Seq,TRANSCRIPTOMIC SINGLE CELL,PAIRED,ILLUMINA,Illumina HiSeq 2500,Gene expression profile at single cell level yeast cells under stress,"['https://ftp.sra.ebi.ac.uk/vol1/fastq/SRR189/045/SRR18903045/SRR18903045_1.fastq.gz', 'https://ftp.sra.ebi.ac.uk/vol1/fastq/SRR189/045/SRR18903045/SRR18903045_2.fastq.gz']","596 MB, 585 MB files; 7.4 million reads; 1481.0 million sequenced bases"
SRR18903048,SAMN27750757,GSM6062444,A7 isotonic single-cell,2022-04-27,,Saccharomyces cerevisiae,7558646999,10104819800,101048198,GSM6062444,RNA-Seq,TRANSCRIPTOMIC SINGLE CELL,SINGLE,ILLUMINA,Illumina HiSeq 2500,Gene expression profile at single cell level yeast cells under stress,['https://ftp.sra.ebi.ac.uk/vol1/fastq/SRR189/048/SRR18903048/SRR18903048.fastq.gz'],8 GB files; 101.0 million reads; 10104.8 million sequenced bases
SRR18903050,SAMN27750759,GSM6062442,A44 isotonic single-cell,2022-04-27,,Saccharomyces cerevisiae,2539720147,3750765900,37507659,GSM6062442,RNA-Seq,TRANSCRIPTOMIC SINGLE CELL,SINGLE,ILLUMINA,Illumina HiSeq 2500,Gene expression profile at single cell level yeast cells under stress,['https://ftp.sra.ebi.ac.uk/vol1/fastq/SRR189/050/SRR18903050/SRR18903050.fastq.gz'],3 GB files; 37.5 million reads; 3750.8 million sequenced bases
SRR18903052,SAMN27750761,GSM6062440,A34 isotonic single-cell,2022-04-27,,Saccharomyces cerevisiae,2243944916,3078207500,30782075,GSM6062440,RNA-Seq,TRANSCRIPTOMIC SINGLE CELL,SINGLE,ILLUMINA,Illumina HiSeq 2500,Gene expression profile at single cell level yeast cells under stress,['https://ftp.sra.ebi.ac.uk/vol1/fastq/SRR189/052/SRR18903052/SRR18903052.fastq.gz'],2 GB files; 30.8 million reads; 3078.2 million sequenced bases
SRR18903053,SAMN27750762,GSM6062439,A29 isotonic single-cell,2022-04-27,,Saccharomyces cerevisiae,1004542579,1382312300,13823123,GSM6062439,RNA-Seq,TRANSCRIPTOMIC SINGLE CELL,SINGLE,ILLUMINA,Illumina HiSeq 2500,Gene expression profile at single cell level yeast cells under stress,['https://ftp.sra.ebi.ac.uk/vol1/fastq/SRR189/053/SRR18903053/SRR18903053.fastq.gz'],1 GB files; 13.8 million reads; 1382.3 million sequenced bases
SRR18903055,SAMN27750764,GSM6062437,A27 isotonic single-cell,2022-04-27,,Saccharomyces cerevisiae,2867988868,4178819400,41788194,GSM6062437,RNA-Seq,TRANSCRIPTOMIC SINGLE CELL,SINGLE,ILLUMINA,Illumina HiSeq 2500,Gene expression profile at single cell level yeast cells under stress,['https://ftp.sra.ebi.ac.uk/vol1/fastq/SRR189/055/SRR18903055/SRR18903055.fastq.gz'],3 GB files; 41.8 million reads; 4178.8 million sequenced bases
SRR18903057,SAMN27750766,GSM6062435,A25 isotonic single-cell,2022-04-27,,Saccharomyces cerevisiae,1543995641,2132178300,21321783,GSM6062435,RNA-Seq,TRANSCRIPTOMIC SINGLE CELL,SINGLE,ILLUMINA,Illumina HiSeq 2500,Gene expression profile at single cell level yeast cells under stress,['https://ftp.sra.ebi.ac.uk/vol1/fastq/SRR189/057/SRR18903057/SRR18903057.fastq.gz'],2 GB files; 21.3 million reads; 2132.2 million sequenced bases
SRR18902899,SAMN27750658,GSM6062543,Y712 isotonic single-cell,2022-04-27,,Saccharomyces cerevisiae,239447866;238574781,1431560750,5726243,GSM6062543,RNA-Seq,TRANSCRIPTOMIC SINGLE CELL,PAIRED,ILLUMINA,Illumina HiSeq 2000,Gene expression profile at single cell level yeast cells under stress,"['https://ftp.sra.ebi.ac.uk/vol1/fastq/SRR189/099/SRR18902899/SRR18902899_1.fastq.gz', 'https://ftp.sra.ebi.ac.uk/vol1/fastq/SRR189/099/SRR18902899/SRR18902899_2.fastq.gz']","239 MB, 239 MB files; 5.7 million reads; 1431.6 million sequenced bases"
SRR18902900,SAMN27750658,GSM6062543,Y712 isotonic single-cell,2022-04-27,,Saccharomyces cerevisiae,169998143;166260756,1038990250,4155961,GSM6062543,RNA-Seq,TRANSCRIPTOMIC SINGLE CELL,PAIRED,ILLUMINA,Illumina HiSeq 2000,Gene expression profile at single cell level yeast cells under stress,"['https://ftp.sra.ebi.ac.uk/vol1/fastq/SRR189/000/SRR18902900/SRR18902900_1.fastq.gz', 'https://ftp.sra.ebi.ac.uk/vol1/fastq/SRR189/000/SRR18902900/SRR18902900_2.fastq.gz']","170 MB, 166 MB files; 4.2 million reads; 1039.0 million sequenced bases"
SRR18902903,SAMN27750660,GSM6062541,Y709 isotonic single-cell,2022-04-27,,Saccharomyces cerevisiae,60439880;59019544,474971750,1899887,GSM6062541,RNA-Seq,TRANSCRIPTOMIC SINGLE CELL,PAIRED,ILLUMINA,Illumina HiSeq 2000,Gene expression profile at single cell level yeast cells under stress,"['https://ftp.sra.ebi.ac.uk/vol1/fastq/SRR189/003/SRR18902903/SRR18902903_1.fastq.gz', 'https://ftp.sra.ebi.ac.uk/vol1/fastq/SRR189/003/SRR18902903/SRR18902903_2.fastq.gz']","60 MB, 59 MB files; 1.9 million reads; 475.0 million sequenced bases"
SRR18902906,SAMN27750662,GSM6062539,Y707 isotonic single-cell,2022-04-27,,Saccharomyces cerevisiae,129096091;129006069,730811250,2923245,GSM6062539,RNA-Seq,TRANSCRIPTOMIC SINGLE CELL,PAIRED,ILLUMINA,Illumina HiSeq 2000,Gene expression profile at single cell level yeast cells under stress,"['https://ftp.sra.ebi.ac.uk/vol1/fastq/SRR189/006/SRR18902906/SRR18902906_1.fastq.gz', 'https://ftp.sra.ebi.ac.uk/vol1/fastq/SRR189/006/SRR18902906/SRR18902906_2.fastq.gz']","129 MB, 129 MB files; 2.9 million reads; 730.8 million sequenced bases"
SRR18902907,SAMN27750662,GSM6062539,Y707 isotonic single-cell,2022-04-27,,Saccharomyces cerevisiae,65918572;62867064,370812750,1483251,GSM6062539,RNA-Seq,TRANSCRIPTOMIC SINGLE CELL,PAIRED,ILLUMINA,Illumina HiSeq 2000,Gene expression profile at single cell level yeast cells under stress,"['https://ftp.sra.ebi.ac.uk/vol1/fastq/SRR189/007/SRR18902907/SRR18902907_1.fastq.gz', 'https://ftp.sra.ebi.ac.uk/vol1/fastq/SRR189/007/SRR18902907/SRR18902907_2.fastq.gz']","66 MB, 63 MB files; 1.5 million reads; 370.8 million sequenced bases"
SRR18902909,SAMN27750663,GSM6062538,Y706 isotonic single-cell,2022-04-27,,Saccharomyces cerevisiae,94196659;91336919,555031500,2220126,GSM6062538,RNA-Seq,TRANSCRIPTOMIC SINGLE CELL,PAIRED,ILLUMINA,Illumina HiSeq 2000,Gene expression profile at single cell level yeast cells under stress,"['https://ftp.sra.ebi.ac.uk/vol1/fastq/SRR189/009/SRR18902909/SRR18902909_1.fastq.gz', 'https://ftp.sra.ebi.ac.uk/vol1/fastq/SRR189/009/SRR18902909/SRR18902909_2.fastq.gz']","94 MB, 91 MB files; 2.2 million reads; 555.0 million sequenced bases"
SRR18902913,SAMN27750665,GSM6062536,Y704 isotonic single-cell,2022-04-27,,Saccharomyces cerevisiae,81160128;76568990,493176750,1972707,GSM6062536,RNA-Seq,TRANSCRIPTOMIC SINGLE CELL,PAIRED,ILLUMINA,Illumina HiSeq 2000,Gene expression profile at single cell level yeast cells under stress,"['https://ftp.sra.ebi.ac.uk/vol1/fastq/SRR189/013/SRR18902913/SRR18902913_1.fastq.gz', 'https://ftp.sra.ebi.ac.uk/vol1/fastq/SRR189/013/SRR18902913/SRR18902913_2.fastq.gz']","81 MB, 77 MB files; 2.0 million reads; 493.2 million sequenced bases"
SRR18902915,SAMN27750666,GSM6062535,Y703 isotonic single-cell,2022-04-27,,Saccharomyces cerevisiae,96763640;91952504,589199250,2356797,GSM6062535,RNA-Seq,TRANSCRIPTOMIC SINGLE CELL,PAIRED,ILLUMINA,Illumina HiSeq 2000,Gene expression profile at single cell level yeast cells under stress,"['https://ftp.sra.ebi.ac.uk/vol1/fastq/SRR189/015/SRR18902915/SRR18902915_1.fastq.gz', 'https://ftp.sra.ebi.ac.uk/vol1/fastq/SRR189/015/SRR18902915/SRR18902915_2.fastq.gz']","97 MB, 92 MB files; 2.4 million reads; 589.2 million sequenced bases"
SRR18902917,SAMN27750668,GSM6062533,Y701 isotonic single-cell,2022-04-27,,Saccharomyces cerevisiae,184001581;188074503,1055266500,4221066,GSM6062533,RNA-Seq,TRANSCRIPTOMIC SINGLE CELL,PAIRED,ILLUMINA,Illumina HiSeq 2000,Gene expression profile at single cell level yeast cells under stress,"['https://ftp.sra.ebi.ac.uk/vol1/fastq/SRR189/017/SRR18902917/SRR18902917_1.fastq.gz', 'https://ftp.sra.ebi.ac.uk/vol1/fastq/SRR189/017/SRR18902917/SRR18902917_2.fastq.gz']","184 MB, 188 MB files; 4.2 million reads; 1055.3 million sequenced bases"
SRR18902919,SAMN27750669,GSM6062532,Y700 isotonic single-cell,2022-04-27,,Saccharomyces cerevisiae,120694341;115491856,731656750,2926627,GSM6062532,RNA-Seq,TRANSCRIPTOMIC SINGLE CELL,PAIRED,ILLUMINA,Illumina HiSeq 2000,Gene expression profile at single cell level yeast cells under stress,"['https://ftp.sra.ebi.ac.uk/vol1/fastq/SRR189/019/SRR18902919/SRR18902919_1.fastq.gz', 'https://ftp.sra.ebi.ac.uk/vol1/fastq/SRR189/019/SRR18902919/SRR18902919_2.fastq.gz']","121 MB, 115 MB files; 2.9 million reads; 731.7 million sequenced bases"
SRR18902920,SAMN27750670,GSM6062531,Y532 GS single-cell,2022-04-27,,Saccharomyces cerevisiae,242106702;240123879,1300799250,5203197,GSM6062531,RNA-Seq,TRANSCRIPTOMIC SINGLE CELL,PAIRED,ILLUMINA,Illumina HiSeq 2000,Gene expression profile at single cell level yeast cells under stress,"['https://ftp.sra.ebi.ac.uk/vol1/fastq/SRR189/020/SRR18902920/SRR18902920_1.fastq.gz', 'https://ftp.sra.ebi.ac.uk/vol1/fastq/SRR189/020/SRR18902920/SRR18902920_2.fastq.gz']","242 MB, 240 MB files; 5.2 million reads; 1300.8 million sequenced bases"
SRR18902923,SAMN27750671,GSM6062530,Y531 GS single-cell,2022-04-27,,Saccharomyces cerevisiae,169811425;172274594,1098635000,4394540,GSM6062530,RNA-Seq,TRANSCRIPTOMIC SINGLE CELL,PAIRED,ILLUMINA,Illumina HiSeq 2000,Gene expression profile at single cell level yeast cells under stress,"['https://ftp.sra.ebi.ac.uk/vol1/fastq/SRR189/023/SRR18902923/SRR18902923_1.fastq.gz', 'https://ftp.sra.ebi.ac.uk/vol1/fastq/SRR189/023/SRR18902923/SRR18902923_2.fastq.gz']","170 MB, 172 MB files; 4.4 million reads; 1098.6 million sequenced bases"
SRR18902924,SAMN27750672,GSM6062529,Y530 GS single-cell,2022-04-27,,Saccharomyces cerevisiae,240213755;243472191,1263052500,5052210,GSM6062529,RNA-Seq,TRANSCRIPTOMIC SINGLE CELL,PAIRED,ILLUMINA,Illumina HiSeq 2000,Gene expression profile at single cell level yeast cells under stress,"['https://ftp.sra.ebi.ac.uk/vol1/fastq/SRR189/024/SRR18902924/SRR18902924_1.fastq.gz', 'https://ftp.sra.ebi.ac.uk/vol1/fastq/SRR189/024/SRR18902924/SRR18902924_2.fastq.gz']","240 MB, 243 MB files; 5.1 million reads; 1263.1 million sequenced bases"
SRR18902931,SAMN27750675,GSM6062526,Y525 GS single-cell,2022-04-27,,Saccharomyces cerevisiae,183253067;187878952,967950750,3871803,GSM6062526,RNA-Seq,TRANSCRIPTOMIC SINGLE CELL,PAIRED,ILLUMINA,Illumina HiSeq 2000,Gene expression profile at single cell level yeast cells under stress,"['https://ftp.sra.ebi.ac.uk/vol1/fastq/SRR189/031/SRR18902931/SRR18902931_1.fastq.gz', 'https://ftp.sra.ebi.ac.uk/vol1/fastq/SRR189/031/SRR18902931/SRR18902931_2.fastq.gz']","183 MB, 188 MB files; 3.9 million reads; 968.0 million sequenced bases"
SRR18902934,SAMN27750677,GSM6062524,Y522 GS single-cell,2022-04-27,,Saccharomyces cerevisiae,201214142;202532447,1195050500,4780202,GSM6062524,RNA-Seq,TRANSCRIPTOMIC SINGLE CELL,PAIRED,ILLUMINA,Illumina HiSeq 2000,Gene expression profile at single cell level yeast cells under stress,"['https://ftp.sra.ebi.ac.uk/vol1/fastq/SRR189/034/SRR18902934/SRR18902934_1.fastq.gz', 'https://ftp.sra.ebi.ac.uk/vol1/fastq/SRR189/034/SRR18902934/SRR18902934_2.fastq.gz']","201 MB, 203 MB files; 4.8 million reads; 1195.1 million sequenced bases"
SRR18902936,SAMN27750678,GSM6062523,Y521 GS single-cell,2022-04-27,,Saccharomyces cerevisiae,205189955;206221262,1078213250,4312853,GSM6062523,RNA-Seq,TRANSCRIPTOMIC SINGLE CELL,PAIRED,ILLUMINA,Illumina HiSeq 2000,Gene expression profile at single cell level yeast cells under stress,"['https://ftp.sra.ebi.ac.uk/vol1/fastq/SRR189/036/SRR18902936/SRR18902936_1.fastq.gz', 'https://ftp.sra.ebi.ac.uk/vol1/fastq/SRR189/036/SRR18902936/SRR18902936_2.fastq.gz']","205 MB, 206 MB files; 4.3 million reads; 1078.2 million sequenced bases"
SRR18902937,SAMN27750678,GSM6062523,Y521 GS single-cell,2022-04-27,,Saccharomyces cerevisiae,154530568;153927544,831917500,3327670,GSM6062523,RNA-Seq,TRANSCRIPTOMIC SINGLE CELL,PAIRED,ILLUMINA,Illumina HiSeq 2000,Gene expression profile at single cell level yeast cells under stress,"['https://ftp.sra.ebi.ac.uk/vol1/fastq/SRR189/037/SRR18902937/SRR18902937_1.fastq.gz', 'https://ftp.sra.ebi.ac.uk/vol1/fastq/SRR189/037/SRR18902937/SRR18902937_2.fastq.gz']","155 MB, 154 MB files; 3.3 million reads; 831.9 million sequenced bases"
SRR18902940,SAMN27750680,GSM6062521,Y517 GS single-cell,2022-04-27,,Saccharomyces cerevisiae,195252335;185403530,1082829000,4331316,GSM6062521,RNA-Seq,TRANSCRIPTOMIC SINGLE CELL,PAIRED,ILLUMINA,Illumina HiSeq 2000,Gene expression profile at single cell level yeast cells under stress,"['https://ftp.sra.ebi.ac.uk/vol1/fastq/SRR189/040/SRR18902940/SRR18902940_1.fastq.gz', 'https://ftp.sra.ebi.ac.uk/vol1/fastq/SRR189/040/SRR18902940/SRR18902940_2.fastq.gz']","195 MB, 185 MB files; 4.3 million reads; 1082.8 million sequenced bases"
SRR18902941,SAMN27750681,GSM6062520,Y516 GS single-cell,2022-04-27,,Saccharomyces cerevisiae,221586468;216265571,1097306500,4389226,GSM6062520,RNA-Seq,TRANSCRIPTOMIC SINGLE CELL,PAIRED,ILLUMINA,Illumina HiSeq 2000,Gene expression profile at single cell level yeast cells under stress,"['https://ftp.sra.ebi.ac.uk/vol1/fastq/SRR189/041/SRR18902941/SRR18902941_1.fastq.gz', 'https://ftp.sra.ebi.ac.uk/vol1/fastq/SRR189/041/SRR18902941/SRR18902941_2.fastq.gz']","222 MB, 216 MB files; 4.4 million reads; 1097.3 million sequenced bases"
SRR18902942,SAMN27750682,GSM6062519,Y515 GS single-cell,2022-04-27,,Saccharomyces cerevisiae,178568277;179319829,884806000,3539224,GSM6062519,RNA-Seq,TRANSCRIPTOMIC SINGLE CELL,PAIRED,ILLUMINA,Illumina HiSeq 2000,Gene expression profile at single cell level yeast cells under stress,"['https://ftp.sra.ebi.ac.uk/vol1/fastq/SRR189/042/SRR18902942/SRR18902942_1.fastq.gz', 'https://ftp.sra.ebi.ac.uk/vol1/fastq/SRR189/042/SRR18902942/SRR18902942_2.fastq.gz']","179 MB, 179 MB files; 3.5 million reads; 884.8 million sequenced bases"
SRR18902944,SAMN27750683,GSM6062518,Y514 GS single-cell,2022-04-27,,Saccharomyces cerevisiae,220304800;220111719,1166611750,4666447,GSM6062518,RNA-Seq,TRANSCRIPTOMIC SINGLE CELL,PAIRED,ILLUMINA,Illumina HiSeq 2000,Gene expression profile at single cell level yeast cells under stress,"['https://ftp.sra.ebi.ac.uk/vol1/fastq/SRR189/044/SRR18902944/SRR18902944_1.fastq.gz', 'https://ftp.sra.ebi.ac.uk/vol1/fastq/SRR189/044/SRR18902944/SRR18902944_2.fastq.gz']","220 MB, 220 MB files; 4.7 million reads; 1166.6 million sequenced bases"
SRR18902946,SAMN27750684,GSM6062517,Y513 GS single-cell,2022-04-27,,Saccharomyces cerevisiae,220294027;223449838,1220168500,4880674,GSM6062517,RNA-Seq,TRANSCRIPTOMIC SINGLE CELL,PAIRED,ILLUMINA,Illumina HiSeq 2000,Gene expression profile at single cell level yeast cells under stress,"['https://ftp.sra.ebi.ac.uk/vol1/fastq/SRR189/046/SRR18902946/SRR18902946_1.fastq.gz', 'https://ftp.sra.ebi.ac.uk/vol1/fastq/SRR189/046/SRR18902946/SRR18902946_2.fastq.gz']","220 MB, 223 MB files; 4.9 million reads; 1220.2 million sequenced bases"
SRR18902951,SAMN27750685,GSM6062516,Y512 GS single-cell,2022-04-27,,Saccharomyces cerevisiae,92633406;90694679,521230000,2084920,GSM6062516,RNA-Seq,TRANSCRIPTOMIC SINGLE CELL,PAIRED,ILLUMINA,Illumina HiSeq 2000,Gene expression profile at single cell level yeast cells under stress,"['https://ftp.sra.ebi.ac.uk/vol1/fastq/SRR189/051/SRR18902951/SRR18902951_1.fastq.gz', 'https://ftp.sra.ebi.ac.uk/vol1/fastq/SRR189/051/SRR18902951/SRR18902951_2.fastq.gz']","93 MB, 91 MB files; 2.1 million reads; 521.2 million sequenced bases"
SRR18902953,SAMN27750688,GSM6062513,Y509 GS single-cell,2022-04-27,,Saccharomyces cerevisiae,138965646;140513910,729376500,2917506,GSM6062513,RNA-Seq,TRANSCRIPTOMIC SINGLE CELL,PAIRED,ILLUMINA,Illumina HiSeq 2000,Gene expression profile at single cell level yeast cells under stress,"['https://ftp.sra.ebi.ac.uk/vol1/fastq/SRR189/053/SRR18902953/SRR18902953_1.fastq.gz', 'https://ftp.sra.ebi.ac.uk/vol1/fastq/SRR189/053/SRR18902953/SRR18902953_2.fastq.gz']","139 MB, 141 MB files; 2.9 million reads; 729.4 million sequenced bases"
SRR18902955,SAMN27750689,GSM6062512,Y508 GS single-cell,2022-04-27,,Saccharomyces cerevisiae,175909861;171079114,915709750,3662839,GSM6062512,RNA-Seq,TRANSCRIPTOMIC SINGLE CELL,PAIRED,ILLUMINA,Illumina HiSeq 2000,Gene expression profile at single cell level yeast cells under stress,"['https://ftp.sra.ebi.ac.uk/vol1/fastq/SRR189/055/SRR18902955/SRR18902955_1.fastq.gz', 'https://ftp.sra.ebi.ac.uk/vol1/fastq/SRR189/055/SRR18902955/SRR18902955_2.fastq.gz']","176 MB, 171 MB files; 3.7 million reads; 915.7 million sequenced bases"
SRR18902956,SAMN27750690,GSM6062511,Y507 GS single-cell,2022-04-27,,Saccharomyces cerevisiae,194603641;193997487,1048981250,4195925,GSM6062511,RNA-Seq,TRANSCRIPTOMIC SINGLE CELL,PAIRED,ILLUMINA,Illumina HiSeq 2000,Gene expression profile at single cell level yeast cells under stress,"['https://ftp.sra.ebi.ac.uk/vol1/fastq/SRR189/056/SRR18902956/SRR18902956_1.fastq.gz', 'https://ftp.sra.ebi.ac.uk/vol1/fastq/SRR189/056/SRR18902956/SRR18902956_2.fastq.gz']","195 MB, 194 MB files; 4.2 million reads; 1049.0 million sequenced bases"
SRR18902957,SAMN27750691,GSM6062510,Y506 GS single-cell,2022-04-27,,Saccharomyces cerevisiae,208325680;209986548,1231504250,4926017,GSM6062510,RNA-Seq,TRANSCRIPTOMIC SINGLE CELL,PAIRED,ILLUMINA,Illumina HiSeq 2000,Gene expression profile at single cell level yeast cells under stress,"['https://ftp.sra.ebi.ac.uk/vol1/fastq/SRR189/057/SRR18902957/SRR18902957_1.fastq.gz', 'https://ftp.sra.ebi.ac.uk/vol1/fastq/SRR189/057/SRR18902957/SRR18902957_2.fastq.gz']","208 MB, 210 MB files; 4.9 million reads; 1231.5 million sequenced bases"
SRR18902961,SAMN27750693,GSM6062508,Y504 GS single-cell,2022-04-27,,Saccharomyces cerevisiae,173805948;172143410,982706750,3930827,GSM6062508,RNA-Seq,TRANSCRIPTOMIC SINGLE CELL,PAIRED,ILLUMINA,Illumina HiSeq 2000,Gene expression profile at single cell level yeast cells under stress,"['https://ftp.sra.ebi.ac.uk/vol1/fastq/SRR189/061/SRR18902961/SRR18902961_1.fastq.gz', 'https://ftp.sra.ebi.ac.uk/vol1/fastq/SRR189/061/SRR18902961/SRR18902961_2.fastq.gz']","174 MB, 172 MB files; 3.9 million reads; 982.7 million sequenced bases"
SRR18902968,SAMN27750697,GSM6062504,Y221 GS single-cell,2022-04-27,,Saccharomyces cerevisiae,160392463;165466928,596936200,2984681,GSM6062504,RNA-Seq,TRANSCRIPTOMIC SINGLE CELL,PAIRED,ILLUMINA,Illumina HiSeq 2500,Gene expression profile at single cell level yeast cells under stress,"['https://ftp.sra.ebi.ac.uk/vol1/fastq/SRR189/068/SRR18902968/SRR18902968_1.fastq.gz', 'https://ftp.sra.ebi.ac.uk/vol1/fastq/SRR189/068/SRR18902968/SRR18902968_2.fastq.gz']","160 MB, 165 MB files; 3.0 million reads; 596.9 million sequenced bases"
SRR18902970,SAMN27750698,GSM6062503,Y220 GS single-cell,2022-04-27,,Saccharomyces cerevisiae,145286618;148855056,518198200,2590991,GSM6062503,RNA-Seq,TRANSCRIPTOMIC SINGLE CELL,PAIRED,ILLUMINA,Illumina HiSeq 2500,Gene expression profile at single cell level yeast cells under stress,"['https://ftp.sra.ebi.ac.uk/vol1/fastq/SRR189/070/SRR18902970/SRR18902970_1.fastq.gz', 'https://ftp.sra.ebi.ac.uk/vol1/fastq/SRR189/070/SRR18902970/SRR18902970_2.fastq.gz']","145 MB, 149 MB files; 2.6 million reads; 518.2 million sequenced bases"
SRR18902971,SAMN27750698,GSM6062503,Y220 GS single-cell,2022-04-27,,Saccharomyces cerevisiae,147776576;150766874,525167800,2625839,GSM6062503,RNA-Seq,TRANSCRIPTOMIC SINGLE CELL,PAIRED,ILLUMINA,Illumina HiSeq 2500,Gene expression profile at single cell level yeast cells under stress,"['https://ftp.sra.ebi.ac.uk/vol1/fastq/SRR189/071/SRR18902971/SRR18902971_1.fastq.gz', 'https://ftp.sra.ebi.ac.uk/vol1/fastq/SRR189/071/SRR18902971/SRR18902971_2.fastq.gz']","148 MB, 151 MB files; 2.6 million reads; 525.2 million sequenced bases"
SRR18902973,SAMN27750699,GSM6062502,Y219 GS single-cell,2022-04-27,,Saccharomyces cerevisiae,92697136;92991251,336778600,1683893,GSM6062502,RNA-Seq,TRANSCRIPTOMIC SINGLE CELL,PAIRED,ILLUMINA,Illumina HiSeq 2500,Gene expression profile at single cell level yeast cells under stress,"['https://ftp.sra.ebi.ac.uk/vol1/fastq/SRR189/073/SRR18902973/SRR18902973_1.fastq.gz', 'https://ftp.sra.ebi.ac.uk/vol1/fastq/SRR189/073/SRR18902973/SRR18902973_2.fastq.gz']","93 MB, 93 MB files; 1.7 million reads; 336.8 million sequenced bases"
SRR18902974,SAMN27750700,GSM6062501,Y218 GS single-cell,2022-04-27,,Saccharomyces cerevisiae,141422589;141503840,522208600,2611043,GSM6062501,RNA-Seq,TRANSCRIPTOMIC SINGLE CELL,PAIRED,ILLUMINA,Illumina HiSeq 2500,Gene expression profile at single cell level yeast cells under stress,"['https://ftp.sra.ebi.ac.uk/vol1/fastq/SRR189/074/SRR18902974/SRR18902974_1.fastq.gz', 'https://ftp.sra.ebi.ac.uk/vol1/fastq/SRR189/074/SRR18902974/SRR18902974_2.fastq.gz']","141 MB, 142 MB files; 2.6 million reads; 522.2 million sequenced bases"
SRR18902976,SAMN27750701,GSM6062500,Y217 GS single-cell,2022-04-27,,Saccharomyces cerevisiae,158227924;158790780,567061800,2835309,GSM6062500,RNA-Seq,TRANSCRIPTOMIC SINGLE CELL,PAIRED,ILLUMINA,Illumina HiSeq 2500,Gene expression profile at single cell level yeast cells under stress,"['https://ftp.sra.ebi.ac.uk/vol1/fastq/SRR189/076/SRR18902976/SRR18902976_1.fastq.gz', 'https://ftp.sra.ebi.ac.uk/vol1/fastq/SRR189/076/SRR18902976/SRR18902976_2.fastq.gz']","158 MB, 159 MB files; 2.8 million reads; 567.1 million sequenced bases"
SRR18902977,SAMN27750701,GSM6062500,Y217 GS single-cell,2022-04-27,,Saccharomyces cerevisiae,159924842;159909132,571051400,2855257,GSM6062500,RNA-Seq,TRANSCRIPTOMIC SINGLE CELL,PAIRED,ILLUMINA,Illumina HiSeq 2500,Gene expression profile at single cell level yeast cells under stress,"['https://ftp.sra.ebi.ac.uk/vol1/fastq/SRR189/077/SRR18902977/SRR18902977_1.fastq.gz', 'https://ftp.sra.ebi.ac.uk/vol1/fastq/SRR189/077/SRR18902977/SRR18902977_2.fastq.gz']","160 MB, 160 MB files; 2.9 million reads; 571.1 million sequenced bases"
SRR18902979,SAMN27750702,GSM6062499,Y216 GS single-cell,2022-04-27,,Saccharomyces cerevisiae,157372046;158717155,563010600,2815053,GSM6062499,RNA-Seq,TRANSCRIPTOMIC SINGLE CELL,PAIRED,ILLUMINA,Illumina HiSeq 2500,Gene expression profile at single cell level yeast cells under stress,"['https://ftp.sra.ebi.ac.uk/vol1/fastq/SRR189/079/SRR18902979/SRR18902979_1.fastq.gz', 'https://ftp.sra.ebi.ac.uk/vol1/fastq/SRR189/079/SRR18902979/SRR18902979_2.fastq.gz']","157 MB, 159 MB files; 2.8 million reads; 563.0 million sequenced bases"
SRR18902983,SAMN27750704,GSM6062497,Y214 GS single-cell,2022-04-27,,Saccharomyces cerevisiae,166918177;167715760,610788000,3053940,GSM6062497,RNA-Seq,TRANSCRIPTOMIC SINGLE CELL,PAIRED,ILLUMINA,Illumina HiSeq 2500,Gene expression profile at single cell level yeast cells under stress,"['https://ftp.sra.ebi.ac.uk/vol1/fastq/SRR189/083/SRR18902983/SRR18902983_1.fastq.gz', 'https://ftp.sra.ebi.ac.uk/vol1/fastq/SRR189/083/SRR18902983/SRR18902983_2.fastq.gz']","167 MB, 168 MB files; 3.1 million reads; 610.8 million sequenced bases"
SRR18902985,SAMN27750705,GSM6062496,Y213 GS single-cell,2022-04-27,,Saccharomyces cerevisiae,106472557;107137870,396224600,1981123,GSM6062496,RNA-Seq,TRANSCRIPTOMIC SINGLE CELL,PAIRED,ILLUMINA,Illumina HiSeq 2500,Gene expression profile at single cell level yeast cells under stress,"['https://ftp.sra.ebi.ac.uk/vol1/fastq/SRR189/085/SRR18902985/SRR18902985_1.fastq.gz', 'https://ftp.sra.ebi.ac.uk/vol1/fastq/SRR189/085/SRR18902985/SRR18902985_2.fastq.gz']","106 MB, 107 MB files; 2.0 million reads; 396.2 million sequenced bases"
SRR18902986,SAMN27750706,GSM6062495,Y212 GS single-cell,2022-04-27,,Saccharomyces cerevisiae,96234471;96626530,363325200,1816626,GSM6062495,RNA-Seq,TRANSCRIPTOMIC SINGLE CELL,PAIRED,ILLUMINA,Illumina HiSeq 2500,Gene expression profile at single cell level yeast cells under stress,"['https://ftp.sra.ebi.ac.uk/vol1/fastq/SRR189/086/SRR18902986/SRR18902986_1.fastq.gz', 'https://ftp.sra.ebi.ac.uk/vol1/fastq/SRR189/086/SRR18902986/SRR18902986_2.fastq.gz']","96 MB, 97 MB files; 1.8 million reads; 363.3 million sequenced bases"
SRR18902988,SAMN27750707,GSM6062494,Y211 GS single-cell,2022-04-27,,Saccharomyces cerevisiae,308291675;311077307,1119185000,5595925,GSM6062494,RNA-Seq,TRANSCRIPTOMIC SINGLE CELL,PAIRED,ILLUMINA,Illumina HiSeq 2500,Gene expression profile at single cell level yeast cells under stress,"['https://ftp.sra.ebi.ac.uk/vol1/fastq/SRR189/088/SRR18902988/SRR18902988_1.fastq.gz', 'https://ftp.sra.ebi.ac.uk/vol1/fastq/SRR189/088/SRR18902988/SRR18902988_2.fastq.gz']","308 MB, 311 MB files; 5.6 million reads; 1119.2 million sequenced bases"
SRR18902994,SAMN27750710,GSM6062491,Y208 GS single-cell,2022-04-27,,Saccharomyces cerevisiae,17361057;17487419,65107200,325536,GSM6062491,RNA-Seq,TRANSCRIPTOMIC SINGLE CELL,PAIRED,ILLUMINA,Illumina HiSeq 2500,Gene expression profile at single cell level yeast cells under stress,"['https://ftp.sra.ebi.ac.uk/vol1/fastq/SRR189/094/SRR18902994/SRR18902994_1.fastq.gz', 'https://ftp.sra.ebi.ac.uk/vol1/fastq/SRR189/094/SRR18902994/SRR18902994_2.fastq.gz']","17 MB, 17 MB files; 0.3 million reads; 65.1 million sequenced bases"
SRR18902996,SAMN27750711,GSM6062490,Y207 GS single-cell,2022-04-27,,Saccharomyces cerevisiae,25057392;25699142,89066000,445330,GSM6062490,RNA-Seq,TRANSCRIPTOMIC SINGLE CELL,PAIRED,ILLUMINA,Illumina HiSeq 2500,Gene expression profile at single cell level yeast cells under stress,"['https://ftp.sra.ebi.ac.uk/vol1/fastq/SRR189/096/SRR18902996/SRR18902996_1.fastq.gz', 'https://ftp.sra.ebi.ac.uk/vol1/fastq/SRR189/096/SRR18902996/SRR18902996_2.fastq.gz']","25 MB, 26 MB files; 0.4 million reads; 89.1 million sequenced bases"
SRR18902998,SAMN27750712,GSM6062489,Y206 GS single-cell,2022-04-27,,Saccharomyces cerevisiae,100072476;101895744,354689600,1773448,GSM6062489,RNA-Seq,TRANSCRIPTOMIC SINGLE CELL,PAIRED,ILLUMINA,Illumina HiSeq 2500,Gene expression profile at single cell level yeast cells under stress,"['https://ftp.sra.ebi.ac.uk/vol1/fastq/SRR189/098/SRR18902998/SRR18902998_1.fastq.gz', 'https://ftp.sra.ebi.ac.uk/vol1/fastq/SRR189/098/SRR18902998/SRR18902998_2.fastq.gz']","100 MB, 102 MB files; 1.8 million reads; 354.7 million sequenced bases"
SRR18903001,SAMN27750713,GSM6062488,Y205 GS single-cell,2022-04-27,,Saccharomyces cerevisiae,17732598;17938360,62925200,314626,GSM6062488,RNA-Seq,TRANSCRIPTOMIC SINGLE CELL,PAIRED,ILLUMINA,Illumina HiSeq 2500,Gene expression profile at single cell level yeast cells under stress,"['https://ftp.sra.ebi.ac.uk/vol1/fastq/SRR189/001/SRR18903001/SRR18903001_1.fastq.gz', 'https://ftp.sra.ebi.ac.uk/vol1/fastq/SRR189/001/SRR18903001/SRR18903001_2.fastq.gz']","18 MB, 18 MB files; 0.3 million reads; 62.9 million sequenced bases"
SRR18903003,SAMN27750714,GSM6062487,Y204 GS single-cell,2022-04-27,,Saccharomyces cerevisiae,13444240;13707896,49836200,249181,GSM6062487,RNA-Seq,TRANSCRIPTOMIC SINGLE CELL,PAIRED,ILLUMINA,Illumina HiSeq 2500,Gene expression profile at single cell level yeast cells under stress,"['https://ftp.sra.ebi.ac.uk/vol1/fastq/SRR189/003/SRR18903003/SRR18903003_1.fastq.gz', 'https://ftp.sra.ebi.ac.uk/vol1/fastq/SRR189/003/SRR18903003/SRR18903003_2.fastq.gz']","13 MB, 14 MB files; 0.2 million reads; 49.8 million sequenced bases"
SRR18903006,SAMN27750716,GSM6062485,Y201 GS single-cell,2022-04-27,,Saccharomyces cerevisiae,101058653;103665183,351389600,1756948,GSM6062485,RNA-Seq,TRANSCRIPTOMIC SINGLE CELL,PAIRED,ILLUMINA,Illumina HiSeq 2500,Gene expression profile at single cell level yeast cells under stress,"['https://ftp.sra.ebi.ac.uk/vol1/fastq/SRR189/006/SRR18903006/SRR18903006_1.fastq.gz', 'https://ftp.sra.ebi.ac.uk/vol1/fastq/SRR189/006/SRR18903006/SRR18903006_2.fastq.gz']","101 MB, 104 MB files; 1.8 million reads; 351.4 million sequenced bases"
SRR18903008,SAMN27750717,GSM6062484,G57 isotonic single-cell,2022-04-27,,Saccharomyces cerevisiae,458580179;466625456,1975243200,9876216,GSM6062484,RNA-Seq,TRANSCRIPTOMIC SINGLE CELL,PAIRED,ILLUMINA,Illumina HiSeq 2500,Gene expression profile at single cell level yeast cells under stress,"['https://ftp.sra.ebi.ac.uk/vol1/fastq/SRR189/008/SRR18903008/SRR18903008_1.fastq.gz', 'https://ftp.sra.ebi.ac.uk/vol1/fastq/SRR189/008/SRR18903008/SRR18903008_2.fastq.gz']","459 MB, 467 MB files; 9.9 million reads; 1975.2 million sequenced bases"
SRR18903009,SAMN27750718,GSM6062483,G56 isotonic single-cell,2022-04-27,,Saccharomyces cerevisiae,485097029;495664664,2009600400,10048002,GSM6062483,RNA-Seq,TRANSCRIPTOMIC SINGLE CELL,PAIRED,ILLUMINA,Illumina HiSeq 2500,Gene expression profile at single cell level yeast cells under stress,"['https://ftp.sra.ebi.ac.uk/vol1/fastq/SRR189/009/SRR18903009/SRR18903009_1.fastq.gz', 'https://ftp.sra.ebi.ac.uk/vol1/fastq/SRR189/009/SRR18903009/SRR18903009_2.fastq.gz']","485 MB, 496 MB files; 10.0 million reads; 2009.6 million sequenced bases"
SRR18903011,SAMN27750720,GSM6062481,G53 isotonic single-cell,2022-04-27,,Saccharomyces cerevisiae,523031628;527870640,2061702200,10308511,GSM6062481,RNA-Seq,TRANSCRIPTOMIC SINGLE CELL,PAIRED,ILLUMINA,Illumina HiSeq 2500,Gene expression profile at single cell level yeast cells under stress,"['https://ftp.sra.ebi.ac.uk/vol1/fastq/SRR189/011/SRR18903011/SRR18903011_1.fastq.gz', 'https://ftp.sra.ebi.ac.uk/vol1/fastq/SRR189/011/SRR18903011/SRR18903011_2.fastq.gz']","523 MB, 528 MB files; 10.3 million reads; 2061.7 million sequenced bases"
SRR18903013,SAMN27750722,GSM6062479,G36 isotonic single-cell,2022-04-27,,Saccharomyces cerevisiae,1132359184;1139544347,4256497200,21282486,GSM6062479,RNA-Seq,TRANSCRIPTOMIC SINGLE CELL,PAIRED,ILLUMINA,Illumina HiSeq 2500,Gene expression profile at single cell level yeast cells under stress,"['https://ftp.sra.ebi.ac.uk/vol1/fastq/SRR189/013/SRR18903013/SRR18903013_1.fastq.gz', 'https://ftp.sra.ebi.ac.uk/vol1/fastq/SRR189/013/SRR18903013/SRR18903013_2.fastq.gz']","1 GB, 1 GB files; 21.3 million reads; 4256.5 million sequenced bases"
SRR18903029,SAMN27750739,GSM6062462,D93X AAS single-cell,2022-04-27,,Saccharomyces cerevisiae,517839637;477689889,1802671800,9013359,GSM6062462,RNA-Seq,TRANSCRIPTOMIC SINGLE CELL,PAIRED,ILLUMINA,Illumina HiSeq 2500,Gene expression profile at single cell level yeast cells under stress,"['https://ftp.sra.ebi.ac.uk/vol1/fastq/SRR189/029/SRR18903029/SRR18903029_1.fastq.gz', 'https://ftp.sra.ebi.ac.uk/vol1/fastq/SRR189/029/SRR18903029/SRR18903029_2.fastq.gz']","518 MB, 478 MB files; 9.0 million reads; 1802.7 million sequenced bases"
SRR18903032,SAMN27750742,GSM6062459,D7 AAS single-cell,2022-04-27,,Saccharomyces cerevisiae,639616858;634073314,1605247400,8026237,GSM6062459,RNA-Seq,TRANSCRIPTOMIC SINGLE CELL,PAIRED,ILLUMINA,Illumina HiSeq 2500,Gene expression profile at single cell level yeast cells under stress,"['https://ftp.sra.ebi.ac.uk/vol1/fastq/SRR189/032/SRR18903032/SRR18903032_1.fastq.gz', 'https://ftp.sra.ebi.ac.uk/vol1/fastq/SRR189/032/SRR18903032/SRR18903032_2.fastq.gz']","640 MB, 634 MB files; 8.0 million reads; 1605.2 million sequenced bases"
SRR18903034,SAMN27750744,GSM6062457,D3 AAS single-cell,2022-04-27,,Saccharomyces cerevisiae,456200726;449038507,1126647800,5633239,GSM6062457,RNA-Seq,TRANSCRIPTOMIC SINGLE CELL,PAIRED,ILLUMINA,Illumina HiSeq 2500,Gene expression profile at single cell level yeast cells under stress,"['https://ftp.sra.ebi.ac.uk/vol1/fastq/SRR189/034/SRR18903034/SRR18903034_1.fastq.gz', 'https://ftp.sra.ebi.ac.uk/vol1/fastq/SRR189/034/SRR18903034/SRR18903034_2.fastq.gz']","456 MB, 449 MB files; 5.6 million reads; 1126.6 million sequenced bases"
SRR18903040,SAMN27750751,GSM6062450,D22 AAS single-cell,2022-04-27,,Saccharomyces cerevisiae,565039672;559960402,1382037800,6910189,GSM6062450,RNA-Seq,TRANSCRIPTOMIC SINGLE CELL,PAIRED,ILLUMINA,Illumina HiSeq 2500,Gene expression profile at single cell level yeast cells under stress,"['https://ftp.sra.ebi.ac.uk/vol1/fastq/SRR189/040/SRR18903040/SRR18903040_1.fastq.gz', 'https://ftp.sra.ebi.ac.uk/vol1/fastq/SRR189/040/SRR18903040/SRR18903040_2.fastq.gz']","565 MB, 560 MB files; 6.9 million reads; 1382.0 million sequenced bases"
SRR18903046,SAMN27750755,GSM6062446,C81X hypotonic single-cell,2022-04-27,,Saccharomyces cerevisiae,500520386;527944746,2119014200,10595071,GSM6062446,RNA-Seq,TRANSCRIPTOMIC SINGLE CELL,PAIRED,ILLUMINA,Illumina HiSeq 2500,Gene expression profile at single cell level yeast cells under stress,"['https://ftp.sra.ebi.ac.uk/vol1/fastq/SRR189/046/SRR18903046/SRR18903046_1.fastq.gz', 'https://ftp.sra.ebi.ac.uk/vol1/fastq/SRR189/046/SRR18903046/SRR18903046_2.fastq.gz']","501 MB, 528 MB files; 10.6 million reads; 2119.0 million sequenced bases"
SRR18903051,SAMN27750760,GSM6062441,A35 isotonic single-cell,2022-04-27,,Saccharomyces cerevisiae,3494092950,4582745700,45827457,GSM6062441,RNA-Seq,TRANSCRIPTOMIC SINGLE CELL,SINGLE,ILLUMINA,Illumina HiSeq 2500,Gene expression profile at single cell level yeast cells under stress,['https://ftp.sra.ebi.ac.uk/vol1/fastq/SRR189/051/SRR18903051/SRR18903051.fastq.gz'],3 GB files; 45.8 million reads; 4582.7 million sequenced bases
SRR18903054,SAMN27750763,GSM6062438,A28 isotonic single-cell,2022-04-27,,Saccharomyces cerevisiae,1545341792,2184290600,21842906,GSM6062438,RNA-Seq,TRANSCRIPTOMIC SINGLE CELL,SINGLE,ILLUMINA,Illumina HiSeq 2500,Gene expression profile at single cell level yeast cells under stress,['https://ftp.sra.ebi.ac.uk/vol1/fastq/SRR189/054/SRR18903054/SRR18903054.fastq.gz'],2 GB files; 21.8 million reads; 2184.3 million sequenced bases
SRR18903056,SAMN27750765,GSM6062436,A26 isotonic single-cell,2022-04-27,,Saccharomyces cerevisiae,1683671353,2318652100,23186521,GSM6062436,RNA-Seq,TRANSCRIPTOMIC SINGLE CELL,SINGLE,ILLUMINA,Illumina HiSeq 2500,Gene expression profile at single cell level yeast cells under stress,['https://ftp.sra.ebi.ac.uk/vol1/fastq/SRR189/056/SRR18903056/SRR18903056.fastq.gz'],2 GB files; 23.2 million reads; 2318.7 million sequenced bases
